"Date","Net Liquidity","Current Funds","Withdrawn","Trading Funds","P/L","P/L %","Drawdown %"
"2020-01-02",2000531,2000000,0,2000000,531,0.03,0
"2020-01-03",1993467,1993467,0,1993467,-7064,-0.35,-0.35
"2020-01-06",1993467,1993467,0,1993467,0,0,-0.35
"2020-01-07",1992818,1993467,0,1993467,-649,-0.03,-0.39
"2020-01-08",1995348,1995348,0,1995348,2530,0.13,-0.26
"2020-01-09",1995504,1995348,0,1995348,156,0.01,-0.25
"2020-01-10",1997304,1997304,0,1997304,1800,0.09,-0.16
"2020-01-13",1997304,1997304,0,1997304,0,0,-0.16
"2020-01-14",1997035,1997304,0,1997304,-269,-0.01,-0.17
"2020-01-15",1999105,1999105,0,1999105,2070,0.1,-0.07
"2020-01-16",1999286,1999105,0,1999105,181,0.01,-0.06
"2020-01-17",2000741,2000741,0,2000741,1455,0.07,0
"2020-01-21",2000562,2000741,0,2000741,-179,-0.01,-0.01
"2020-01-22",2002477,2002477,0,2002477,1915,0.1,0
"2020-01-23",2002628,2002477,0,2002477,151,0.01,0
"2020-01-24",1997784,1997784,0,1997784,-4844,-0.24,-0.24
"2020-01-27",1997784,1997784,0,1997784,0,0,-0.24
"2020-01-28",1997195,1997784,0,1997784,-589,-0.03,-0.27
"2020-01-29",2001020,2001020,0,2001020,3825,0.19,-0.08
"2020-01-30",2001971,2001020,0,2001020,951,0.05,-0.03
"2020-01-31",1994907,1994907,0,1994907,-7064,-0.35,-0.39
"2020-02-03",1994907,1994907,0,1994907,0,0,-0.39
"2020-02-04",1994258,1994907,0,1994907,-649,-0.03,-0.42
"2020-02-05",1997928,1997928,0,1997928,3670,0.18,-0.23
"2020-02-06",1998239,1997928,0,1997928,311,0.02,-0.22
"2020-02-07",1997658,1997658,0,1997658,-581,-0.03,-0.25
"2020-02-10",1997658,1997658,0,1997658,0,0,-0.25
"2020-02-11",1996869,1997658,0,1997658,-789,-0.04,-0.29
"2020-02-12",1999979,1999979,0,1999979,3110,0.16,-0.13
"2020-02-13",2000155,1999979,0,1999979,176,0.01,-0.12
"2020-02-14",2002530,2002530,0,2002530,2375,0.12,0
"2020-02-18",2002216,2002530,0,2002530,-314,-0.02,-0.02
"2020-02-19",2004706,2004706,0,2004706,2490,0.12,0
"2020-02-20",2005192,2004706,0,2004706,486,0.02,0
"2020-02-21",1997463,1997463,0,1997463,-7729,-0.39,-0.39
"2020-02-24",1997463,1997463,0,1997463,0,0,-0.39
"2020-02-25",1997614,1997463,0,1997463,151,0.01,-0.38
"2020-02-26",2002959,2002959,0,2002959,5345,0.27,-0.11
"2020-02-27",1998920,2002959,0,2002959,-4039,-0.2,-0.31
"2020-02-28",1981661,1981661,0,1981661,-17259,-0.86,-1.17
"2020-03-02",1981661,1981661,0,1981661,0,0,-1.17
"2020-03-03",1978827,1981661,0,1981661,-2834,-0.14,-1.31
"2020-03-04",1990217,1990217,0,1990217,11390,0.58,-0.75
"2020-03-05",1991743,1990217,0,1990217,1526,0.08,-0.67
"2020-03-06",1976014,1976014,0,1976014,-15729,-0.79,-1.46
"2020-03-09",1976014,1976014,0,1976014,0,0,-1.46
"2020-03-10",1979270,1976014,0,1976014,3256,0.16,-1.29
"2020-03-11",1966771,1966771,0,1966771,-12499,-0.63,-1.92
"2020-03-12",1965743,1966771,0,1966771,-1028,-0.05,-1.97
"2020-03-13",1971903,1971903,0,1971903,6160,0.31,-1.66
"2020-03-16",1971903,1971903,0,1971903,0,0,-1.66
"2020-03-17",1970234,1971903,0,1971903,-1669,-0.08,-1.74
"2020-03-18",1957195,1957195,0,1957195,-13039,-0.66,-2.39
"2020-03-19",1952771,1957195,0,1957195,-4424,-0.23,-2.61
"2020-03-20",1947632,1947632,0,1947632,-5139,-0.26,-2.87
"2020-03-23",1947632,1947632,0,1947632,0,0,-2.87
"2020-03-24",1949708,1947632,0,1947632,2076,0.11,-2.77
"2020-03-25",1958173,1958173,0,1958173,8465,0.43,-2.34
"2020-03-26",1961449,1958173,0,1958173,3276,0.17,-2.18
"2020-03-27",1967749,1967749,0,1967749,6300,0.32,-1.87
"2020-03-30",1968360,1967749,0,1967749,611,0.03,-1.84
"2020-03-31",1974226,1975245,0,1975245,5866,0.3,-1.54
"2020-04-01",1955627,1955627,0,1955627,-18599,-0.94,-2.47
"2020-04-02",1957398,1955627,0,1955627,1771,0.09,-2.38
"2020-04-03",1963598,1963598,0,1963598,6200,0.32,-2.07
"2020-04-06",1963598,1963598,0,1963598,0,0,-2.07
"2020-04-07",1960019,1963598,0,1963598,-3579,-0.18,-2.25
"2020-04-08",1972155,1970909,0,1970909,12136,0.62,-1.65
"2020-04-09",1977725,1977725,0,1977725,5570,0.28,-1.37
"2020-04-13",1977725,1977725,0,1977725,0,0,-1.37
"2020-04-14",1978036,1977725,0,1977725,311,0.02,-1.35
"2020-04-15",1964247,1964247,0,1964247,-13789,-0.7,-2.04
"2020-04-16",1965873,1964247,0,1964247,1626,0.08,-1.96
"2020-04-17",1970313,1970313,0,1970313,4440,0.23,-1.74
"2020-04-20",1970313,1970313,0,1970313,0,0,-1.74
"2020-04-21",1969464,1970313,0,1970313,-849,-0.04,-1.78
"2020-04-22",1976679,1976679,0,1976679,7215,0.37,-1.42
"2020-04-23",1976525,1976679,0,1976679,-154,-0.01,-1.43
"2020-04-24",1982075,1982075,0,1982075,5550,0.28,-1.15
"2020-04-27",1982075,1982075,0,1982075,0,0,-1.15
"2020-04-28",1980016,1982075,0,1982075,-2059,-0.1,-1.26
"2020-04-29",1984537,1987091,0,1987091,4521,0.23,-1.03
"2020-04-30",1981229,1979728,0,1979728,-3308,-0.17,-1.2
"2020-05-01",1970925,1970925,0,1970925,-10304,-0.52,-1.71
"2020-05-04",1970925,1970925,0,1970925,0,0,-1.71
"2020-05-05",1970831,1970925,0,1970925,-94,0,-1.71
"2020-05-06",1975866,1975866,0,1975866,5035,0.26,-1.46
"2020-05-07",1976262,1975866,0,1975866,396,0.02,-1.44
"2020-05-08",1981037,1981037,0,1981037,4775,0.24,-1.2
"2020-05-11",1981037,1981037,0,1981037,0,0,-1.2
"2020-05-12",1980043,1981037,0,1981037,-994,-0.05,-1.25
"2020-05-13",1973899,1973899,0,1973899,-6144,-0.31,-1.56
"2020-05-14",1975105,1973899,0,1973899,1206,0.06,-1.5
"2020-05-15",1978720,1978720,0,1978720,3615,0.18,-1.32
"2020-05-18",1978720,1978720,0,1978720,0,0,-1.32
"2020-05-19",1977191,1978720,0,1978720,-1529,-0.08,-1.4
"2020-05-20",1983001,1983001,0,1983001,5810,0.29,-1.11
"2020-05-21",1982492,1983001,0,1983001,-509,-0.03,-1.13
"2020-05-22",1987327,1987327,0,1987327,4835,0.24,-0.89
"2020-05-26",1985983,1987327,0,1987327,-1344,-0.07,-0.96
"2020-05-27",1986742,1986742,0,1986742,759,0.04,-0.92
"2020-05-28",1986313,1986742,0,1986742,-429,-0.02,-0.94
"2020-05-29",1986972,1986972,0,1986972,659,0.03,-0.91
"2020-06-01",1986972,1986972,0,1986972,0,0,-0.91
"2020-06-02",1988553,1986972,0,1986972,1581,0.08,-0.83
"2020-06-03",1990683,1990683,0,1990683,2130,0.11,-0.72
"2020-06-04",1991859,1990683,0,1990683,1176,0.06,-0.66
"2020-06-05",1994529,1994529,0,1994529,2670,0.13,-0.53
"2020-06-08",1994529,1994529,0,1994529,0,0,-0.53
"2020-06-09",1993620,1994529,0,1994529,-909,-0.05,-0.58
"2020-06-10",1993999,1993999,0,1993999,379,0.02,-0.56
"2020-06-11",1992580,1993999,0,1993999,-1419,-0.07,-0.63
"2020-06-12",2000460,2000460,0,2000460,7880,0.4,-0.24
"2020-06-15",2000460,2000460,0,2000460,0,0,-0.24
"2020-06-16",2001641,2000460,0,2000460,1181,0.06,-0.18
"2020-06-17",2006911,2006911,0,2006911,5270,0.26,0
"2020-06-18",2008237,2006911,0,2006911,1326,0.07,0
"2020-06-19",2011722,2011722,0,2011722,3485,0.17,0
"2020-06-22",2011722,2011722,0,2011722,0,0,0
"2020-06-23",2011058,2011722,0,2011722,-664,-0.03,-0.03
"2020-06-24",2004604,2004604,0,2004604,-6454,-0.32,-0.35
"2020-06-25",2005480,2004604,0,2004604,876,0.04,-0.31
"2020-06-26",1996911,1996911,0,1996911,-8569,-0.43,-0.74
"2020-06-29",1998302,1996911,0,1996911,1391,0.07,-0.67
"2020-06-30",2002643,2001472,0,2001472,4341,0.22,-0.45
"2020-07-01",2004209,2005653,0,2005653,1566,0.08,-0.37
"2020-07-02",2010094,2010094,0,2010094,5885,0.29,-0.08
"2020-07-06",2010094,2010094,0,2010094,0,0,-0.08
"2020-07-07",2008585,2010094,0,2010094,-1509,-0.08,-0.16
"2020-07-08",2014250,2014250,0,2014250,5665,0.28,0
"2020-07-09",2014856,2014250,0,2014250,606,0.03,0
"2020-07-10",2018501,2018501,0,2018501,3645,0.18,0
"2020-07-13",2018501,2018501,0,2018501,0,0,0
"2020-07-14",2020242,2018501,0,2018501,1741,0.09,0
"2020-07-15",2023347,2023347,0,2023347,3105,0.15,0
"2020-07-16",2023708,2023347,0,2023347,361,0.02,0
"2020-07-17",2027518,2027518,0,2027518,3810,0.19,0
"2020-07-20",2027518,2027518,0,2027518,0,0,0
"2020-07-21",2027404,2027518,0,2027518,-114,-0.01,-0.01
"2020-07-22",2031034,2031034,0,2031034,3630,0.18,0
"2020-07-23",2031175,2031034,0,2031034,141,0.01,0
"2020-07-24",2030079,2030079,0,2030079,-1096,-0.05,-0.05
"2020-07-27",2030079,2030079,0,2030079,0,0,-0.05
"2020-07-28",2028980,2030079,0,2030079,-1099,-0.05,-0.11
"2020-07-29",2034195,2034195,0,2034195,5215,0.26,0
"2020-07-30",2034456,2034195,0,2034195,261,0.01,0
"2020-07-31",2038576,2038576,0,2038576,4120,0.2,0
"2020-08-03",2038576,2038576,0,2038576,0,0,0
"2020-08-04",2039152,2038576,0,2038576,576,0.03,0
"2020-08-05",2041362,2041362,0,2041362,2210,0.11,0
"2020-08-06",2041533,2041362,0,2041362,171,0.01,0
"2020-08-07",2044703,2044703,0,2044703,3170,0.16,0
"2020-08-10",2044703,2044703,0,2044703,0,0,0
"2020-08-11",2043379,2044703,0,2044703,-1324,-0.06,-0.06
"2020-08-12",2048584,2048584,0,2048584,5205,0.25,0
"2020-08-13",2048590,2048584,0,2048584,6,0,0
"2020-08-14",2051515,2051515,0,2051515,2925,0.14,0
"2020-08-17",2051515,2051515,0,2051515,0,0,0
"2020-08-18",2051106,2051515,0,2051515,-409,-0.02,-0.02
"2020-08-19",2053916,2053916,0,2053916,2810,0.14,0
"2020-08-20",2053867,2053916,0,2053916,-49,0,0
"2020-08-21",2056622,2056622,0,2056622,2755,0.13,0
"2020-08-24",2056622,2056622,0,2056622,0,0,0
"2020-08-25",2056938,2056622,0,2056622,316,0.02,0
"2020-08-26",2058878,2058878,0,2058878,1940,0.09,0
"2020-08-27",2058389,2058878,0,2058878,-489,-0.02,-0.02
"2020-08-28",2062229,2062229,0,2062229,3840,0.19,0
"2020-08-31",2062229,2062229,0,2062229,0,0,0
"2020-09-01",2062500,2062229,0,2062229,271,0.01,0
"2020-09-02",2064880,2064880,0,2064880,2380,0.12,0
"2020-09-03",2066616,2064880,0,2064880,1736,0.08,0
"2020-09-04",2053127,2053127,0,2053127,-13489,-0.65,-0.65
"2020-09-08",2051413,2053127,0,2053127,-1714,-0.08,-0.74
"2020-09-09",2059428,2059428,0,2059428,8015,0.39,-0.35
"2020-09-10",2058279,2059428,0,2059428,-1149,-0.06,-0.4
"2020-09-11",2064764,2064764,0,2064764,6485,0.32,-0.09
"2020-09-14",2064764,2064764,0,2064764,0,0,-0.09
"2020-09-15",2066315,2064764,0,2064764,1551,0.08,-0.01
"2020-09-16",2069095,2069095,0,2069095,2780,0.13,0
"2020-09-17",2069746,2069095,0,2069095,651,0.03,0
"2020-09-18",2063037,2063037,0,2063037,-6709,-0.32,-0.32
"2020-09-21",2063037,2063037,0,2063037,0,0,-0.32
"2020-09-22",2062628,2063037,0,2063037,-409,-0.02,-0.34
"2020-09-23",2058464,2058464,0,2058464,-4164,-0.2,-0.55
"2020-09-24",2058875,2058464,0,2058464,411,0.02,-0.53
"2020-09-25",2063215,2063215,0,2063215,4340,0.21,-0.32
"2020-09-28",2063215,2063215,0,2063215,0,0,-0.32
"2020-09-29",2063186,2063215,0,2063215,-29,0,-0.32
"2020-09-30",2068061,2068061,0,2068061,4875,0.24,-0.08
"2020-10-01",2069997,2068061,0,2068061,1936,0.09,0
"2020-10-02",2067721,2067721,0,2067721,-2276,-0.11,-0.11
"2020-10-05",2067721,2067721,0,2067721,0,0,-0.11
"2020-10-06",2068102,2067721,0,2067721,381,0.02,-0.09
"2020-10-07",2072782,2072782,0,2072782,4680,0.23,0
"2020-10-08",2072908,2072782,0,2072782,126,0.01,0
"2020-10-09",2076228,2076228,0,2076228,3320,0.16,0
"2020-10-12",2076228,2076228,0,2076228,0,0,0
"2020-10-13",2075604,2076228,0,2076228,-624,-0.03,-0.03
"2020-10-14",2076243,2076243,0,2076243,639,0.03,0
"2020-10-15",2075769,2076243,0,2076243,-474,-0.02,-0.02
"2020-10-16",2079844,2079844,0,2079844,4075,0.2,0
"2020-10-19",2079844,2079844,0,2079844,0,0,0
"2020-10-20",2078685,2079844,0,2079844,-1159,-0.06,-0.06
"2020-10-21",2084470,2084470,0,2084470,5785,0.28,0
"2020-10-22",2084496,2084470,0,2084470,26,0,0
"2020-10-23",2088666,2088666,0,2088666,4170,0.2,0
"2020-10-26",2088666,2088666,0,2088666,0,0,0
"2020-10-27",2087702,2088666,0,2088666,-964,-0.05,-0.05
"2020-10-28",2065398,2065398,0,2065398,-22304,-1.07,-1.11
"2020-10-29",2064674,2065398,0,2065398,-724,-0.04,-1.15
"2020-10-30",2056685,2056685,0,2056685,-7989,-0.39,-1.53
"2020-11-02",2056685,2056685,0,2056685,0,0,-1.53
"2020-11-03",2055856,2056685,0,2056685,-829,-0.04,-1.57
"2020-11-04",2065016,2065016,0,2065016,9160,0.45,-1.13
"2020-11-05",2066077,2065016,0,2065016,1061,0.05,-1.08
"2020-11-06",2070097,2070097,0,2070097,4020,0.19,-0.89
"2020-11-09",2070097,2070097,0,2070097,0,0,-0.89
"2020-11-10",2070193,2070097,0,2070097,96,0,-0.88
"2020-11-11",2074943,2074943,0,2074943,4750,0.23,-0.66
"2020-11-12",2076564,2074943,0,2074943,1621,0.08,-0.58
"2020-11-13",2079314,2079314,0,2079314,2750,0.13,-0.45
"2020-11-16",2079314,2079314,0,2079314,0,0,-0.45
"2020-11-17",2079765,2079314,0,2079314,451,0.02,-0.43
"2020-11-18",2078005,2078005,0,2078005,-1760,-0.08,-0.51
"2020-11-19",2078026,2078005,0,2078005,21,0,-0.51
"2020-11-20",2080988,2080988,0,2080988,2962,0.14,-0.37
"2020-11-23",2080988,2080988,0,2080988,0,0,-0.37
"2020-11-24",2081599,2080988,0,2080988,611,0.03,-0.34
"2020-11-25",2083844,2083844,0,2083844,2245,0.11,-0.23
"2020-11-27",2083844,2083844,0,2083844,0,0,-0.23
"2020-11-30",2083844,2083844,0,2083844,0,0,-0.23
"2020-12-01",2084205,2083844,0,2083844,361,0.02,-0.21
"2020-12-02",2087200,2087200,0,2087200,2995,0.14,-0.07
"2020-12-03",2085881,2087200,0,2087200,-1319,-0.06,-0.13
"2020-12-04",2090601,2090601,0,2090601,4720,0.23,0
"2020-12-07",2090601,2090601,0,2090601,0,0,0
"2020-12-08",2091087,2090601,0,2090601,486,0.02,0
"2020-12-09",2085843,2085843,0,2085843,-5244,-0.25,-0.25
"2020-12-10",2085964,2085843,0,2085843,121,0.01,-0.24
"2020-12-11",2080520,2080520,0,2080520,-5444,-0.26,-0.51
"2020-12-14",2080520,2080520,0,2080520,0,0,-0.51
"2020-12-15",2080876,2080520,0,2080520,356,0.02,-0.49
"2020-12-16",2083976,2083976,0,2083976,3100,0.15,-0.34
"2020-12-17",2083992,2083976,0,2083976,16,0,-0.34
"2020-12-18",2082331,2082331,0,2082331,-1661,-0.08,-0.42
"2020-12-21",2082331,2082331,0,2082331,0,0,-0.42
"2020-12-22",2082837,2082331,0,2082331,506,0.02,-0.39
"2020-12-23",2084643,2085877,0,2085877,1806,0.09,-0.31
"2020-12-24",2087978,2087978,0,2087978,3335,0.16,-0.15
"2020-12-28",2087978,2087978,0,2087978,0,0,-0.15
"2020-12-29",2086974,2087978,0,2087978,-1004,-0.05,-0.2
"2020-12-30",2090735,2090444,0,2090444,3761,0.18,-0.02
"2020-12-31",2092895,2092895,0,2092895,2160,0.1,0
"2021-01-04",2092895,2092895,0,2092895,0,0,0
"2021-01-05",2092936,2092895,0,2092895,41,0,0
"2021-01-06",2098026,2098026,0,2098026,5090,0.24,0
"2021-01-07",2097757,2098026,0,2098026,-269,-0.01,-0.01
"2021-01-08",2097376,2097376,0,2097376,-381,-0.02,-0.03
"2021-01-11",2097376,2097376,0,2097376,0,0,-0.03
"2021-01-12",2098267,2097376,0,2097376,891,0.04,0
"2021-01-13",2100412,2100412,0,2100412,2145,0.1,0
"2021-01-14",2099558,2100412,0,2100412,-854,-0.04,-0.04
"2021-01-15",2093344,2093344,0,2093344,-6214,-0.3,-0.34
"2021-01-19",2092900,2093344,0,2093344,-444,-0.02,-0.36
"2021-01-20",2096830,2096830,0,2096830,3930,0.19,-0.17
"2021-01-21",2096426,2096830,0,2096830,-404,-0.02,-0.19
"2021-01-22",2095145,2095145,0,2095145,-1281,-0.06,-0.25
"2021-01-25",2095145,2095145,0,2095145,0,0,-0.25
"2021-01-26",2093631,2095145,0,2095145,-1514,-0.07,-0.32
"2021-01-27",2077457,2077457,0,2077457,-16174,-0.77,-1.09
"2021-01-28",2076323,2077457,0,2077457,-1134,-0.05,-1.15
"2021-01-29",2068584,2068584,0,2068584,-7739,-0.37,-1.52
"2021-02-01",2068584,2068584,0,2068584,0,0,-1.52
"2021-02-02",2068095,2068584,0,2068584,-489,-0.02,-1.54
"2021-02-03",2072795,2072795,0,2072795,4700,0.23,-1.31
"2021-02-04",2073581,2072795,0,2072795,786,0.04,-1.28
"2021-02-05",2076051,2076051,0,2076051,2470,0.12,-1.16
"2021-02-08",2076051,2076051,0,2076051,0,0,-1.16
"2021-02-09",2075077,2076051,0,2076051,-974,-0.05,-1.21
"2021-02-10",2073736,2073736,0,2073736,-1341,-0.06,-1.27
"2021-02-11",2074652,2073736,0,2073736,916,0.04,-1.23
"2021-02-12",2077027,2077027,0,2077027,2375,0.11,-1.11
"2021-02-16",2077308,2077027,0,2077027,281,0.01,-1.1
"2021-02-17",2076147,2076147,0,2076147,-1161,-0.06,-1.16
"2021-02-18",2075243,2076147,0,2076147,-904,-0.04,-1.2
"2021-02-19",2079358,2079358,0,2079358,4115,0.2,-1
"2021-02-22",2079358,2079358,0,2079358,0,0,-1
"2021-02-23",2079179,2079358,0,2079358,-179,-0.01,-1.01
"2021-02-24",2083149,2083149,0,2083149,3970,0.19,-0.82
"2021-02-25",2083670,2083149,0,2083149,521,0.03,-0.8
"2021-02-26",2089585,2089585,0,2089585,5915,0.28,-0.52
"2021-03-01",2089585,2089585,0,2089585,0,0,-0.52
"2021-03-02",2087896,2089585,0,2089585,-1689,-0.08,-0.6
"2021-03-03",2082942,2082942,0,2082942,-4954,-0.24,-0.83
"2021-03-04",2083298,2082942,0,2082942,356,0.02,-0.81
"2021-03-05",2089423,2089423,0,2089423,6125,0.29,-0.52
"2021-03-08",2089423,2089423,0,2089423,0,0,-0.52
"2021-03-09",2088104,2089423,0,2089423,-1319,-0.06,-0.59
"2021-03-10",2093799,2093799,0,2093799,5695,0.27,-0.31
"2021-03-11",2093720,2093799,0,2093799,-79,0,-0.32
"2021-03-12",2097360,2097360,0,2097360,3640,0.17,-0.15
"2021-03-15",2097360,2097360,0,2097360,0,0,-0.15
"2021-03-16",2097001,2097360,0,2097360,-359,-0.02,-0.16
"2021-03-17",2095665,2095665,0,2095665,-1336,-0.06,-0.23
"2021-03-18",2096626,2095665,0,2095665,961,0.05,-0.18
"2021-03-19",2100011,2100011,0,2100011,3385,0.16,-0.02
"2021-03-22",2100011,2100011,0,2100011,0,0,-0.02
"2021-03-23",2100692,2100011,0,2100011,681,0.03,0
"2021-03-24",2103867,2103867,0,2103867,3175,0.15,0
"2021-03-25",2103633,2103867,0,2103867,-234,-0.01,-0.01
"2021-03-26",2107408,2107408,0,2107408,3775,0.18,0
"2021-03-29",2107408,2107408,0,2107408,0,0,0
"2021-03-30",2106119,2107408,0,2107408,-1289,-0.06,-0.06
"2021-03-31",2111520,2111004,0,2111004,5401,0.26,0
"2021-04-01",2114380,2114380,0,2114380,2860,0.14,0
"2021-04-05",2114380,2114380,0,2114380,0,0,0
"2021-04-06",2114571,2114380,0,2114380,191,0.01,0
"2021-04-07",2116991,2116991,0,2116991,2420,0.11,0
"2021-04-08",2117082,2116991,0,2116991,91,0,0
"2021-04-09",2119417,2119417,0,2119417,2335,0.11,0
"2021-04-12",2119417,2119417,0,2119417,0,0,0
"2021-04-13",2119333,2119417,0,2119417,-84,0,0
"2021-04-14",2121756,2121756,0,2121756,2423,0.11,0
"2021-04-15",2121262,2121756,0,2121756,-494,-0.02,-0.02
"2021-04-16",2124302,2124302,0,2124302,3040,0.14,0
"2021-04-19",2124302,2124302,0,2124302,0,0,0
"2021-04-20",2124498,2124302,0,2124302,196,0.01,0
"2021-04-21",2127793,2127793,0,2127793,3295,0.16,0
"2021-04-22",2128349,2127793,0,2127793,556,0.03,0
"2021-04-23",2131434,2131434,0,2131434,3085,0.14,0
"2021-04-26",2131434,2131434,0,2131434,0,0,0
"2021-04-27",2131065,2131434,0,2131434,-369,-0.02,-0.02
"2021-04-28",2134025,2134025,0,2134025,2960,0.14,0
"2021-04-29",2133891,2134025,0,2134025,-134,-0.01,-0.01
"2021-04-30",2128037,2128037,0,2128037,-5854,-0.27,-0.28
"2021-05-03",2128037,2128037,0,2128037,0,0,-0.28
"2021-05-04",2129918,2128037,0,2128037,1881,0.09,-0.19
"2021-05-05",2131653,2131653,0,2131653,1735,0.08,-0.11
"2021-05-06",2132584,2131653,0,2131653,931,0.04,-0.07
"2021-05-07",2134489,2134489,0,2134489,1905,0.09,0
"2021-05-10",2134489,2134489,0,2134489,0,0,0
"2021-05-11",2135665,2134489,0,2134489,1176,0.06,0
"2021-05-12",2127786,2127786,0,2127786,-7879,-0.37,-0.37
"2021-05-13",2125152,2127786,0,2127786,-2634,-0.12,-0.49
"2021-05-14",2132372,2132372,0,2132372,7220,0.34,-0.15
"2021-05-17",2132372,2132372,0,2132372,0,0,-0.15
"2021-05-18",2128398,2132372,0,2132372,-3974,-0.19,-0.34
"2021-05-19",2103039,2103039,0,2103039,-25359,-1.19,-1.53
"2021-05-20",2102055,2103039,0,2103039,-984,-0.05,-1.57
"2021-05-21",2106595,2106595,0,2106595,4540,0.22,-1.36
"2021-05-24",2106595,2106595,0,2106595,0,0,-1.36
"2021-05-25",2106481,2106595,0,2106595,-114,-0.01,-1.37
"2021-05-26",2109241,2109241,0,2109241,2760,0.13,-1.24
"2021-05-27",2109782,2109241,0,2109241,541,0.03,-1.21
"2021-05-28",2111677,2111677,0,2111677,1895,0.09,-1.12
"2021-06-01",2111633,2111677,0,2111677,-44,0,-1.13
"2021-06-02",2114093,2114093,0,2114093,2460,0.12,-1.01
"2021-06-03",2113714,2114093,0,2114093,-379,-0.02,-1.03
"2021-06-04",2116824,2116824,0,2116824,3110,0.15,-0.88
"2021-06-07",2116824,2116824,0,2116824,0,0,-0.88
"2021-06-08",2116610,2116824,0,2116824,-214,-0.01,-0.89
"2021-06-09",2118940,2118940,0,2118940,2330,0.11,-0.78
"2021-06-10",2119376,2118940,0,2118940,436,0.02,-0.76
"2021-06-11",2121201,2121201,0,2121201,1825,0.09,-0.68
"2021-06-14",2121201,2121201,0,2121201,0,0,-0.68
"2021-06-15",2120327,2121201,0,2121201,-874,-0.04,-0.72
"2021-06-16",2113423,2113423,0,2113423,-6904,-0.33,-1.04
"2021-06-17",2112604,2113423,0,2113423,-819,-0.04,-1.08
"2021-06-18",2099250,2099250,0,2099250,-13354,-0.63,-1.71
"2021-06-21",2099250,2099250,0,2099250,0,0,-1.71
"2021-06-22",2099071,2099250,0,2099250,-179,-0.01,-1.71
"2021-06-23",2101561,2101561,0,2101561,2490,0.12,-1.6
"2021-06-24",2101512,2101561,0,2101561,-49,0,-1.6
"2021-06-25",2103562,2103562,0,2103562,2050,0.1,-1.5
"2021-06-28",2103562,2103562,0,2103562,0,0,-1.5
"2021-06-29",2103803,2103562,0,2103562,241,0.01,-1.49
"2021-06-30",2105603,2105603,0,2105603,1800,0.09,-1.41
"2021-07-01",2105399,2105603,0,2105603,-204,-0.01,-1.42
"2021-07-02",2107779,2107779,0,2107779,2380,0.11,-1.31
"2021-07-06",2108015,2107779,0,2107779,236,0.01,-1.29
"2021-07-07",2110020,2110020,0,2110020,2005,0.1,-1.2
"2021-07-08",2110766,2110020,0,2110020,746,0.04,-1.17
"2021-07-09",2113391,2113391,0,2113391,2625,0.12,-1.04
"2021-07-12",2113391,2113391,0,2113391,0,0,-1.04
"2021-07-13",2111962,2113391,0,2113391,-1429,-0.07,-1.11
"2021-07-14",2116257,2116257,0,2116257,4295,0.2,-0.91
"2021-07-15",2116478,2116257,0,2116257,221,0.01,-0.9
"2021-07-16",2116602,2116602,0,2116602,124,0.01,-0.89
"2021-07-19",2116602,2116602,0,2116602,0,0,-0.89
"2021-07-20",2115388,2116602,0,2116602,-1214,-0.06,-0.95
"2021-07-21",2119963,2119963,0,2119963,4575,0.22,-0.74
"2021-07-22",2120364,2119963,0,2119963,401,0.02,-0.72
"2021-07-23",2122609,2122609,0,2122609,2245,0.11,-0.61
"2021-07-26",2122609,2122609,0,2122609,0,0,-0.61
"2021-07-27",2123740,2122609,0,2122609,1131,0.05,-0.56
"2021-07-28",2126175,2126175,0,2126175,2435,0.11,-0.44
"2021-07-29",2126111,2126175,0,2126175,-64,0,-0.45
"2021-07-30",2123990,2123990,0,2123990,-2121,-0.1,-0.55
"2021-08-02",2123990,2123990,0,2123990,0,0,-0.55
"2021-08-03",2124676,2123990,0,2123990,686,0.03,-0.51
"2021-08-04",2125929,2125929,0,2125929,1253,0.06,-0.46
"2021-08-05",2126375,2125929,0,2125929,446,0.02,-0.43
"2021-08-06",2128665,2128665,0,2128665,2290,0.11,-0.33
"2021-08-09",2128665,2128665,0,2128665,0,0,-0.33
"2021-08-10",2128941,2128665,0,2128665,276,0.01,-0.31
"2021-08-11",2131091,2131091,0,2131091,2150,0.1,-0.21
"2021-08-12",2131262,2131091,0,2131091,171,0.01,-0.21
"2021-08-13",2132687,2132687,0,2132687,1425,0.07,-0.14
"2021-08-16",2132687,2132687,0,2132687,0,0,-0.14
"2021-08-17",2134053,2132687,0,2132687,1366,0.06,-0.08
"2021-08-18",2130569,2130569,0,2130569,-3484,-0.16,-0.24
"2021-08-19",2129945,2130569,0,2130569,-624,-0.03,-0.27
"2021-08-20",2134940,2134940,0,2134940,4995,0.23,-0.03
"2021-08-23",2134940,2134940,0,2134940,0,0,-0.03
"2021-08-24",2134531,2134940,0,2134940,-409,-0.02,-0.05
"2021-08-25",2136826,2136826,0,2136826,2295,0.11,0
"2021-08-26",2136807,2136826,0,2136826,-19,0,0
"2021-08-27",2140467,2140467,0,2140467,3660,0.17,0
"2021-08-30",2140153,2140467,0,2140467,-314,-0.01,-0.01
"2021-08-31",2142604,2142283,0,2142283,2451,0.11,0
"2021-09-01",2144449,2144449,0,2144449,1845,0.09,0
"2021-09-02",2145145,2144449,0,2144449,696,0.03,0
"2021-09-03",2147010,2147010,0,2147010,1865,0.09,0
"2021-09-07",2146926,2147010,0,2147010,-84,0,0
"2021-09-08",2141647,2141647,0,2141647,-5279,-0.25,-0.25
"2021-09-09",2139773,2141647,0,2141647,-1874,-0.09,-0.34
"2021-09-10",2138064,2138064,0,2138064,-1709,-0.08,-0.42
"2021-09-13",2138064,2138064,0,2138064,0,0,-0.42
"2021-09-14",2138855,2138064,0,2138064,791,0.04,-0.38
"2021-09-15",2141745,2141745,0,2141745,2890,0.14,-0.25
"2021-09-16",2141171,2141745,0,2141745,-574,-0.03,-0.27
"2021-09-17",2133772,2133772,0,2133772,-7399,-0.35,-0.62
"2021-09-20",2133772,2133772,0,2133772,0,0,-0.62
"2021-09-21",2131913,2133772,0,2133772,-1859,-0.09,-0.7
"2021-09-22",2139198,2139198,0,2139198,7285,0.34,-0.36
"2021-09-23",2138364,2139198,0,2139198,-834,-0.04,-0.4
"2021-09-24",2142359,2142359,0,2142359,3995,0.19,-0.22
"2021-09-27",2142359,2142359,0,2142359,0,0,-0.22
"2021-09-28",2140520,2142359,0,2142359,-1839,-0.09,-0.3
"2021-09-29",2145776,2147140,0,2147140,5256,0.25,-0.06
"2021-09-30",2141833,2143832,0,2143832,-3943,-0.18,-0.24
"2021-10-01",2143527,2143527,0,2143527,1694,0.08,-0.16
"2021-10-04",2143527,2143527,0,2143527,0,0,-0.16
"2021-10-05",2141953,2143527,0,2143527,-1574,-0.07,-0.24
"2021-10-06",2134104,2134104,0,2134104,-7849,-0.37,-0.6
"2021-10-07",2133200,2134104,0,2134104,-904,-0.04,-0.64
"2021-10-08",2138235,2138235,0,2138235,5035,0.24,-0.41
"2021-10-11",2138235,2138235,0,2138235,0,0,-0.41
"2021-10-12",2139846,2138235,0,2138235,1611,0.08,-0.33
"2021-10-13",2142576,2142576,0,2142576,2730,0.13,-0.21
"2021-10-14",2143077,2142576,0,2142576,501,0.02,-0.18
"2021-10-15",2145822,2145822,0,2145822,2745,0.13,-0.06
"2021-10-18",2145822,2145822,0,2145822,0,0,-0.06
"2021-10-19",2146403,2145822,0,2145822,581,0.03,-0.03
"2021-10-20",2148248,2148248,0,2148248,1845,0.09,0
"2021-10-21",2148934,2148248,0,2148248,686,0.03,0
"2021-10-22",2147168,2147168,0,2147168,-1766,-0.08,-0.08
"2021-10-25",2147168,2147168,0,2147168,0,0,-0.08
"2021-10-26",2145624,2147168,0,2147168,-1544,-0.07,-0.15
"2021-10-27",2145065,2145065,0,2145065,-559,-0.03,-0.18
"2021-10-28",2146101,2145065,0,2145065,1036,0.05,-0.13
"2021-10-29",2147946,2147946,0,2147946,1845,0.09,-0.05
"2021-11-01",2147946,2147946,0,2147946,0,0,-0.05
"2021-11-02",2148002,2147946,0,2147946,56,0,-0.04
"2021-11-03",2151602,2151602,0,2151602,3600,0.17,0
"2021-11-04",2152483,2151602,0,2151602,881,0.04,0
"2021-11-05",2154188,2154188,0,2154188,1705,0.08,0
"2021-11-08",2154188,2154188,0,2154188,0,0,0
"2021-11-09",2154394,2154188,0,2154188,206,0.01,0
"2021-11-10",2150125,2150125,0,2150125,-4269,-0.2,-0.2
"2021-11-11",2149561,2150125,0,2150125,-564,-0.03,-0.22
"2021-11-12",2153116,2153116,0,2153116,3555,0.17,-0.06
"2021-11-15",2153116,2153116,0,2153116,0,0,-0.06
"2021-11-16",2152172,2153116,0,2153116,-944,-0.04,-0.1
"2021-11-17",2152391,2152391,0,2152391,219,0.01,-0.09
"2021-11-18",2152382,2152391,0,2152391,-9,0,-0.09
"2021-11-19",2155037,2155037,0,2155037,2655,0.12,0
"2021-11-22",2155037,2155037,0,2155037,0,0,0
"2021-11-23",2155573,2155037,0,2155037,536,0.02,0
"2021-11-24",2158648,2158648,0,2158648,3075,0.14,0
"2021-11-26",2158648,2158648,0,2158648,0,0,0
"2021-11-29",2158044,2158648,0,2158648,-604,-0.03,-0.03
"2021-11-30",2147306,2148025,0,2148025,-10738,-0.5,-0.53
"2021-12-01",2147427,2147427,0,2147427,121,0.01,-0.52
"2021-12-02",2143668,2147427,0,2147427,-3759,-0.18,-0.69
"2021-12-03",2137914,2137914,0,2137914,-5754,-0.27,-0.96
"2021-12-06",2137914,2137914,0,2137914,0,0,-0.96
"2021-12-07",2139495,2137914,0,2137914,1581,0.07,-0.89
"2021-12-08",2142020,2142020,0,2142020,2525,0.12,-0.77
"2021-12-09",2140786,2142020,0,2142020,-1234,-0.06,-0.83
"2021-12-10",2146131,2146131,0,2146131,5345,0.25,-0.58
"2021-12-13",2146131,2146131,0,2146131,0,0,-0.58
"2021-12-14",2145552,2146131,0,2146131,-579,-0.03,-0.61
"2021-12-15",2151572,2151572,0,2151572,6020,0.28,-0.33
"2021-12-16",2151393,2151572,0,2151572,-179,-0.01,-0.34
"2021-12-17",2140769,2140769,0,2140769,-10624,-0.49,-0.83
"2021-12-20",2140769,2140769,0,2140769,0,0,-0.83
"2021-12-21",2142615,2140769,0,2140769,1846,0.09,-0.74
"2021-12-22",2146736,2145535,0,2145535,4121,0.19,-0.55
"2021-12-23",2149021,2149021,0,2149021,2285,0.11,-0.45
"2021-12-27",2149021,2149021,0,2149021,0,0,-0.45
"2021-12-28",2147822,2149021,0,2149021,-1199,-0.06,-0.5
"2021-12-29",2152082,2152082,0,2152082,4260,0.2,-0.3
"2021-12-30",2149963,2152082,0,2152082,-2119,-0.1,-0.4
"2021-12-31",2153507,2153507,0,2153507,3544,0.16,-0.24
"2022-01-03",2153507,2153507,0,2153507,0,0,-0.24
"2022-01-04",2153058,2153507,0,2153507,-449,-0.02,-0.26
"2022-01-05",2148234,2148234,0,2148234,-4824,-0.22,-0.48
"2022-01-06",2148380,2148234,0,2148234,146,0.01,-0.48
"2022-01-07",2147704,2147704,0,2147704,-676,-0.03,-0.51
"2022-01-10",2147704,2147704,0,2147704,0,0,-0.51
"2022-01-11",2148355,2147704,0,2147704,651,0.03,-0.48
"2022-01-12",2151875,2151875,0,2151875,3520,0.16,-0.31
"2022-01-13",2150151,2151875,0,2151875,-1724,-0.08,-0.39
"2022-01-14",2150655,2150655,0,2150655,504,0.02,-0.37
"2022-01-18",2151596,2150655,0,2150655,941,0.04,-0.33
"2022-01-19",2156134,2156134,0,2156134,4538,0.21,-0.12
"2022-01-20",2151960,2156134,0,2156134,-4174,-0.19,-0.31
"2022-01-21",2146091,2146091,0,2146091,-5869,-0.27,-0.58
"2022-01-24",2146091,2146091,0,2146091,0,0,-0.58
"2022-01-25",2145962,2146091,0,2146091,-129,-0.01,-0.59
"2022-01-26",2155252,2155252,0,2155252,9290,0.43,-0.16
"2022-01-27",2154268,2155252,0,2155252,-984,-0.05,-0.2
"2022-01-28",2163463,2163463,0,2163463,9195,0.43,0
"2022-01-31",2163463,2163463,0,2163463,0,0,0
"2022-02-01",2164839,2163463,0,2163463,1376,0.06,0
"2022-02-02",2168214,2168214,0,2168214,3375,0.16,0
"2022-02-03",2167850,2168214,0,2168214,-364,-0.02,-0.02
"2022-02-04",2175055,2175055,0,2175055,7205,0.33,0
"2022-02-07",2175055,2175055,0,2175055,0,0,0
"2022-02-08",2175916,2175055,0,2175055,861,0.04,0
"2022-02-09",2179736,2179736,0,2179736,3820,0.18,0
"2022-02-10",2181812,2179736,0,2179736,2076,0.1,0
"2022-02-11",2172278,2172278,0,2172278,-9534,-0.44,-0.44
"2022-02-14",2172278,2172278,0,2172278,0,0,-0.44
"2022-02-15",2173454,2172278,0,2172278,1176,0.05,-0.38
"2022-02-16",2178049,2178049,0,2178049,4595,0.21,-0.17
"2022-02-17",2177420,2178049,0,2178049,-629,-0.03,-0.2
"2022-02-18",2178499,2178499,0,2178499,1079,0.05,-0.15
"2022-02-22",2178150,2178499,0,2178499,-349,-0.02,-0.17
"2022-02-23",2173971,2173971,0,2173971,-4179,-0.19,-0.36
"2022-02-24",2176402,2173971,0,2173971,2431,0.11,-0.25
"2022-02-25",2181082,2181082,0,2181082,4680,0.22,-0.03
"2022-02-28",2181082,2181082,0,2181082,0,0,-0.03
"2022-03-01",2183598,2181082,0,2181082,2516,0.12,0
"2022-03-02",2189313,2189313,0,2189313,5715,0.26,0
"2022-03-03",2190434,2189313,0,2189313,1121,0.05,0
"2022-03-04",2188418,2188418,0,2188418,-2016,-0.09,-0.09
"2022-03-07",2188418,2188418,0,2188418,0,0,-0.09
"2022-03-08",2186599,2188418,0,2188418,-1819,-0.08,-0.18
"2022-03-09",2196019,2196019,0,2196019,9420,0.43,0
"2022-03-10",2197570,2196019,0,2196019,1551,0.07,0
"2022-03-11",2200119,2200119,0,2200119,2549,0.12,0
"2022-03-14",2200119,2200119,0,2200119,0,0,0
"2022-03-15",2199970,2200119,0,2200119,-149,-0.01,-0.01
"2022-03-16",2207940,2207940,0,2207940,7970,0.36,0
"2022-03-17",2207651,2207940,0,2207940,-289,-0.01,-0.01
"2022-03-18",2213316,2213316,0,2213316,5665,0.26,0
"2022-03-21",2213316,2213316,0,2213316,0,0,0
"2022-03-22",2212952,2213316,0,2213316,-364,-0.02,-0.02
"2022-03-23",2208838,2208838,0,2208838,-4114,-0.19,-0.2
"2022-03-24",2209909,2208838,0,2208838,1071,0.05,-0.15
"2022-03-25",2213159,2213159,0,2213159,3250,0.15,-0.01
"2022-03-28",2213159,2213159,0,2213159,0,0,-0.01
"2022-03-29",2212905,2213159,0,2213159,-254,-0.01,-0.02
"2022-03-30",2211132,2209301,0,2209301,-1773,-0.08,-0.1
"2022-03-31",2204504,2207828,0,2207828,-6628,-0.3,-0.4
"2022-04-01",2203170,2203170,0,2203170,-1334,-0.06,-0.46
"2022-04-04",2203170,2203170,0,2203170,0,0,-0.46
"2022-04-05",2203021,2203170,0,2203170,-149,-0.01,-0.47
"2022-04-06",2193092,2193092,0,2193092,-9929,-0.45,-0.91
"2022-04-07",2191238,2193092,0,2193092,-1854,-0.08,-1
"2022-04-08",2191627,2191627,0,2191627,389,0.02,-0.98
"2022-04-11",2191627,2191627,0,2191627,0,0,-0.98
"2022-04-12",2193168,2191627,0,2191627,1541,0.07,-0.91
"2022-04-13",2195819,2196303,0,2196303,2651,0.12,-0.79
"2022-04-14",2191610,2191610,0,2191610,-4209,-0.19,-0.98
"2022-04-18",2191610,2191610,0,2191610,0,0,-0.98
"2022-04-19",2191371,2191610,0,2191610,-239,-0.01,-0.99
"2022-04-20",2196026,2196026,0,2196026,4655,0.21,-0.78
"2022-04-21",2195897,2196026,0,2196026,-129,-0.01,-0.79
"2022-04-22",2187318,2187318,0,2187318,-8579,-0.39,-1.17
"2022-04-25",2188254,2187318,0,2187318,936,0.04,-1.13
"2022-04-26",2175846,2177105,0,2177105,-12408,-0.57,-1.69
"2022-04-27",2184146,2184146,0,2184146,8300,0.38,-1.32
"2022-04-28",2183897,2184146,0,2184146,-249,-0.01,-1.33
"2022-04-29",2174148,2174148,0,2174148,-9749,-0.45,-1.77
"2022-05-02",2175927,2174148,0,2174148,1779,0.08,-1.69
"2022-05-03",2179813,2177922,0,2177922,3886,0.18,-1.51
"2022-05-04",2186003,2186003,0,2186003,6190,0.28,-1.23
"2022-05-05",2189199,2186003,0,2186003,3196,0.15,-1.09
"2022-05-06",2194704,2194704,0,2194704,5505,0.25,-0.84
"2022-05-09",2194736,2194704,0,2194704,32,0,-0.84
"2022-05-10",2200047,2198396,0,2198396,5311,0.24,-0.6
"2022-05-11",2204176,2204176,0,2204176,4129,0.19,-0.41
"2022-05-12",2207922,2204176,0,2204176,3746,0.17,-0.24
"2022-05-13",2212087,2212087,0,2212087,4165,0.19,-0.06
"2022-05-16",2212908,2212087,0,2212087,821,0.04,-0.02
"2022-05-17",2219219,2219233,0,2219233,6311,0.29,0
"2022-05-18",2209896,2208925,0,2208925,-9323,-0.42,-0.42
"2022-05-19",2214857,2215201,0,2215201,4961,0.22,-0.2
"2022-05-20",2205648,2205648,0,2205648,-9209,-0.42,-0.61
"2022-05-23",2207419,2205648,0,2205648,1771,0.08,-0.53
"2022-05-24",2196241,2196090,0,2196090,-11178,-0.51,-1.04
"2022-05-25",2202387,2203301,0,2203301,6146,0.28,-0.76
"2022-05-26",2208058,2209572,0,2209572,5671,0.26,-0.5
"2022-05-27",2214983,2214983,0,2214983,6925,0.31,-0.19
"2022-05-31",2213594,2214983,0,2214983,-1389,-0.06,-0.25
"2022-06-01",2205231,2207635,0,2207635,-8363,-0.38,-0.63
"2022-06-02",2203993,2203993,0,2203993,-1238,-0.06,-0.69
"2022-06-03",2194505,2194505,0,2194505,-9488,-0.43,-1.11
"2022-06-06",2194601,2194505,0,2194505,96,0,-1.11
"2022-06-07",2193641,2193040,0,2193040,-960,-0.04,-1.15
"2022-06-08",2186643,2188067,0,2188067,-6998,-0.32,-1.47
"2022-06-09",2179355,2181794,0,2181794,-7288,-0.33,-1.8
"2022-06-10",2162336,2162336,0,2162336,-17019,-0.78,-2.56
"2022-06-13",2162336,2162336,0,2162336,0,0,-2.56
"2022-06-14",2162627,2162336,0,2162336,291,0.01,-2.55
"2022-06-15",2169718,2170662,0,2170662,7091,0.33,-2.23
"2022-06-16",2154250,2152854,0,2152854,-15468,-0.71,-2.93
"2022-06-17",2159755,2159755,0,2159755,5505,0.26,-2.68
"2022-06-21",2158441,2159755,0,2159755,-1314,-0.06,-2.74
"2022-06-22",2158451,2158455,0,2158455,10,0,-2.74
"2022-06-23",2164722,2163971,0,2163971,6271,0.29,-2.46
"2022-06-24",2169412,2169412,0,2169412,4690,0.22,-2.24
"2022-06-27",2168513,2169412,0,2169412,-899,-0.04,-2.28
"2022-06-28",2163095,2163119,0,2163119,-5418,-0.25,-2.53
"2022-06-29",2169916,2168915,0,2168915,6821,0.32,-2.22
"2022-06-30",2156978,2157477,0,2157477,-12938,-0.6,-2.8
"2022-07-01",2163493,2163493,0,2163493,6515,0.3,-2.51
"2022-07-05",2164454,2163493,0,2163493,961,0.04,-2.47
"2022-07-06",2166970,2169229,0,2169229,2516,0.12,-2.35
"2022-07-07",2174811,2174305,0,2174305,7841,0.36,-2
"2022-07-08",2179451,2179451,0,2179451,4640,0.21,-1.79
"2022-07-11",2180037,2179451,0,2179451,586,0.03,-1.77
"2022-07-12",2178869,2177258,0,2177258,-1168,-0.05,-1.82
"2022-07-13",2184323,2184014,0,2184014,5454,0.25,-1.57
"2022-07-14",2178348,2177387,0,2177387,-5975,-0.27,-1.84
"2022-07-15",2183228,2183228,0,2183228,4880,0.22,-1.62
"2022-07-18",2184204,2183228,0,2183228,976,0.04,-1.58
"2022-07-19",2187270,2188004,0,2188004,3066,0.14,-1.44
"2022-07-20",2191961,2193055,0,2193055,4691,0.21,-1.23
"2022-07-21",2193601,2192305,0,2192305,1640,0.07,-1.15
"2022-07-22",2188122,2188122,0,2188122,-5479,-0.25,-1.4
"2022-07-25",2189903,2188122,0,2188122,1781,0.08,-1.32
"2022-07-26",2187923,2187987,0,2187987,-1980,-0.09,-1.41
"2022-07-27",2193799,2194463,0,2194463,5876,0.27,-1.15
"2022-07-28",2195479,2195118,0,2195118,1680,0.08,-1.07
"2022-07-29",2199969,2199969,0,2199969,4490,0.2,-0.87
"2022-08-01",2200570,2199969,0,2199969,601,0.03,-0.84
"2022-08-02",2196490,2198909,0,2198909,-4080,-0.19,-1.02
"2022-08-03",2202111,2203700,0,2203700,5621,0.26,-0.77
"2022-08-04",2208152,2207951,0,2207951,6041,0.27,-0.5
"2022-08-05",2206406,2206406,0,2206406,-1746,-0.08,-0.58
"2022-08-08",2206037,2206406,0,2206406,-369,-0.02,-0.59
"2022-08-09",2206712,2206486,0,2206486,675,0.03,-0.56
"2022-08-10",2212563,2212727,0,2212727,5851,0.27,-0.3
"2022-08-11",2216819,2216588,0,2216588,4256,0.19,-0.11
"2022-08-12",2221004,2221004,0,2221004,4185,0.19,0
"2022-08-15",2220855,2221004,0,2221004,-149,-0.01,-0.01
"2022-08-16",2225341,2224885,0,2224885,4486,0.2,0
"2022-08-17",2216833,2217292,0,2217292,-8508,-0.38,-0.38
"2022-08-18",2221039,2221718,0,2221718,4206,0.19,-0.19
"2022-08-19",2214345,2214345,0,2214345,-6694,-0.3,-0.49
"2022-08-22",2215486,2214345,0,2214345,1141,0.05,-0.44
"2022-08-23",2217857,2218911,0,2218911,2371,0.11,-0.34
"2022-08-24",2221813,2223132,0,2223132,3956,0.18,-0.16
"2022-08-25",2228034,2227038,0,2227038,6221,0.28,0
"2022-08-26",2218400,2218400,0,2218400,-9634,-0.43,-0.43
"2022-08-29",2216011,2218400,0,2218400,-2389,-0.11,-0.54
"2022-08-30",2209748,2209447,0,2209447,-6263,-0.28,-0.82
"2022-08-31",2211084,2214858,0,2214858,1336,0.06,-0.76
"2022-09-01",2205926,2203180,0,2203180,-5158,-0.23,-0.99
"2022-09-02",2209356,2209356,0,2209356,3430,0.16,-0.84
"2022-09-06",2209267,2209356,0,2209356,-89,0,-0.84
"2022-09-07",2214068,2214572,0,2214572,4801,0.22,-0.63
"2022-09-08",2222294,2220018,0,2220018,8226,0.37,-0.26
"2022-09-09",2224879,2224879,0,2224879,2585,0.12,-0.14
"2022-09-12",2224470,2224879,0,2224879,-409,-0.02,-0.16
"2022-09-13",2210042,2208961,0,2208961,-14428,-0.65,-0.81
"2022-09-14",2216848,2214637,0,2214637,6806,0.31,-0.5
"2022-09-15",2221334,2220098,0,2220098,4486,0.2,-0.3
"2022-09-16",2209225,2209225,0,2209225,-12109,-0.55,-0.84
"2022-09-19",2209641,2209225,0,2209225,416,0.02,-0.83
"2022-09-20",2197958,2199847,0,2199847,-11683,-0.53,-1.35
"2022-09-21",2201180,2202199,0,2202199,3222,0.15,-1.21
"2022-09-22",2201825,2203834,0,2203834,645,0.03,-1.18
"2022-09-23",2189186,2189186,0,2189186,-12639,-0.57,-1.74
"2022-09-26",2188107,2189186,0,2189186,-1079,-0.05,-1.79
"2022-09-27",2196558,2195827,0,2195827,8451,0.39,-1.41
"2022-09-28",2201299,2202533,0,2202533,4741,0.22,-1.2
"2022-09-29",2190826,2190225,0,2190225,-10473,-0.48,-1.67
"2022-09-30",2195110,2195110,0,2195110,4284,0.2,-1.48
"2022-10-03",2194051,2195110,0,2195110,-1059,-0.05,-1.53
"2022-10-04",2201812,2200761,0,2200761,7761,0.35,-1.18
"2022-10-05",2189754,2192828,0,2192828,-12058,-0.55,-1.72
"2022-10-06",2184826,2186210,0,2186210,-4928,-0.23,-1.94
"2022-10-07",2174927,2174927,0,2174927,-9899,-0.45,-2.38
"2022-10-10",2173908,2174927,0,2174927,-1019,-0.05,-2.43
"2022-10-11",2166615,2166394,0,2166394,-7293,-0.34,-2.76
"2022-10-12",2170466,2172310,0,2172310,3851,0.18,-2.58
"2022-10-13",2161278,2159982,0,2159982,-9188,-0.42,-3
"2022-10-14",2151544,2151544,0,2151544,-9734,-0.45,-3.43
"2022-10-17",2150105,2151544,0,2151544,-1439,-0.07,-3.5
"2022-10-18",2155486,2156715,0,2156715,5381,0.25,-3.26
"2022-10-19",2157706,2157110,0,2157110,2220,0.1,-3.16
"2022-10-20",2162862,2162926,0,2162926,5156,0.24,-2.93
"2022-10-21",2167997,2167997,0,2167997,5135,0.24,-2.69
"2022-10-24",2167528,2167997,0,2167997,-469,-0.02,-2.72
"2022-10-25",2172909,2173593,0,2173593,5381,0.25,-2.47
"2022-10-26",2177700,2179039,0,2179039,4791,0.22,-2.26
"2022-10-27",2182736,2184425,0,2184425,5036,0.23,-2.03
"2022-10-28",2190631,2190631,0,2190631,7895,0.36,-1.68
"2022-10-31",2189052,2190631,0,2190631,-1579,-0.07,-1.75
"2022-11-01",2190587,2190546,0,2190546,1535,0.07,-1.68
"2022-11-02",2183664,2186218,0,2186218,-6923,-0.32,-1.99
"2022-11-03",2166486,2168915,0,2168915,-17178,-0.79,-2.76
"2022-11-04",2175416,2175416,0,2175416,8930,0.41,-2.36
"2022-11-07",2175182,2175416,0,2175416,-234,-0.01,-2.37
"2022-11-08",2178128,2179727,0,2179727,2946,0.14,-2.24
"2022-11-09",2173180,2172979,0,2172979,-4948,-0.23,-2.46
"2022-11-10",2182436,2181630,0,2181630,9256,0.43,-2.05
"2022-11-11",2186746,2186746,0,2186746,4310,0.2,-1.85
"2022-11-14",2184012,2186746,0,2186746,-2734,-0.13,-1.98
"2022-11-15",2190083,2191332,0,2191332,6071,0.28,-1.7
"2022-11-16",2191608,2192082,0,2192082,1525,0.07,-1.63
"2022-11-17",2181800,2180284,0,2180284,-9808,-0.45,-2.08
"2022-11-18",2185180,2185180,0,2185180,3380,0.15,-1.92
"2022-11-21",2185626,2185180,0,2185180,446,0.02,-1.9
"2022-11-22",2189182,2188641,0,2188641,3556,0.16,-1.74
"2022-11-23",2192427,2192427,0,2192427,3245,0.15,-1.6
"2022-11-25",2192427,2192427,0,2192427,0,0,-1.6
"2022-11-28",2192723,2192427,0,2192427,296,0.01,-1.58
"2022-11-29",2196279,2195743,0,2195743,3556,0.16,-1.43
"2022-11-30",2202355,2201269,0,2201269,6076,0.28,-1.15
"2022-12-01",2204166,2205675,0,2205675,1811,0.08,-1.07
"2022-12-02",2193447,2193447,0,2193447,-10719,-0.49,-1.55
"2022-12-05",2194508,2193447,0,2193447,1061,0.05,-1.5
"2022-12-06",2186100,2186024,0,2186024,-8408,-0.38,-1.88
"2022-12-07",2190586,2189835,0,2189835,4486,0.21,-1.68
"2022-12-08",2194182,2194081,0,2194081,3596,0.16,-1.52
"2022-12-09",2198792,2198792,0,2198792,4610,0.21,-1.31
"2022-12-12",2199448,2198792,0,2198792,656,0.03,-1.28
"2022-12-13",2209114,2208793,0,2208793,9666,0.44,-0.85
"2022-12-14",2218180,2217464,0,2217464,9066,0.41,-0.44
"2022-12-15",2209382,2208281,0,2208281,-8798,-0.4,-0.84
"2022-12-16",2201203,2201203,0,2201203,-8179,-0.37,-1.2
"2022-12-19",2203019,2201203,0,2201203,1816,0.08,-1.12
"2022-12-20",2204045,2205244,0,2205244,1026,0.05,-1.08
"2022-12-21",2209806,2209495,0,2209495,5761,0.26,-0.82
"2022-12-22",2201773,2199987,0,2199987,-8033,-0.36,-1.18
"2022-12-23",2204458,2204458,0,2204458,2685,0.12,-1.06
"2022-12-27",2203654,2204458,0,2204458,-804,-0.04,-1.09
"2022-12-28",2200041,2199385,0,2199385,-3613,-0.16,-1.26
"2022-12-29",2202707,2203586,0,2203586,2666,0.12,-1.14
"2022-12-30",2194583,2194583,0,2194583,-8124,-0.37,-1.5
"2023-01-03",2195399,2194583,0,2194583,816,0.04,-1.46
"2023-01-04",2202125,2199664,0,2199664,6726,0.31,-1.16
"2023-01-05",2204106,2203805,0,2203805,1981,0.09,-1.07
"2023-01-06",2210136,2210136,0,2210136,6030,0.27,-0.8
"2023-01-09",2209327,2210136,0,2210136,-809,-0.04,-0.84
"2023-01-10",2216038,2214607,0,2214607,6711,0.3,-0.54
"2023-01-11",2219694,2218053,0,2218053,3656,0.16,-0.37
"2023-01-12",2228185,2227424,0,2227424,8491,0.38,0
"2023-01-13",2225844,2225844,0,2225844,-2341,-0.11,-0.11
"2023-01-17",2225845,2225844,0,2225844,1,0,-0.11
"2023-01-18",2220897,2221421,0,2221421,-4948,-0.22,-0.33
"2023-01-19",2213044,2214598,0,2214598,-7853,-0.35,-0.68
"2023-01-20",2218449,2218449,0,2218449,5405,0.24,-0.44
"2023-01-23",2219235,2218449,0,2218449,786,0.04,-0.4
"2023-01-24",2223471,2222300,0,2222300,4236,0.19,-0.21
"2023-01-25",2213343,2212692,0,2212692,-10128,-0.46,-0.67
"2023-01-26",2217684,2216663,0,2216663,4341,0.2,-0.47
"2023-01-27",2220644,2220644,0,2220644,2960,0.13,-0.34
"2023-01-30",2219175,2220644,0,2220644,-1469,-0.07,-0.4
"2023-01-31",2226871,2224885,0,2224885,7696,0.35,-0.06
"2023-02-01",2226927,2231011,0,2231011,56,0,-0.06
"2023-02-02",2237463,2234922,0,2234922,10536,0.47,0
"2023-02-03",2241328,2241328,0,2241328,3865,0.17,0
"2023-02-06",2241709,2241328,0,2241328,381,0.02,0
"2023-02-07",2247345,2246469,0,2246469,5636,0.25,0
"2023-02-08",2238957,2239416,0,2239416,-8388,-0.37,-0.37
"2023-02-09",2236989,2237208,0,2237208,-1968,-0.09,-0.46
"2023-02-10",2241409,2241409,0,2241409,4420,0.2,-0.26
"2023-02-13",2241360,2241409,0,2241409,-49,0,-0.27
"2023-02-14",2248171,2249030,0,2249030,6811,0.3,0
"2023-02-15",2248991,2248035,0,2248035,820,0.04,0
"2023-02-16",2236933,2237957,0,2237957,-12058,-0.54,-0.54
"2023-02-17",2236092,2236092,0,2236092,-841,-0.04,-0.57
"2023-02-21",2235228,2236092,0,2236092,-864,-0.04,-0.61
"2023-02-22",2242094,2240598,0,2240598,6866,0.31,-0.31
"2023-02-23",2244450,2245014,0,2245014,2356,0.11,-0.2
"2023-02-24",2227066,2227066,0,2227066,-17384,-0.77,-0.97
"2023-02-27",2227722,2227066,0,2227066,656,0.03,-0.95
"2023-02-28",2231578,2230927,0,2230927,3856,0.17,-0.77
"2023-03-01",2229898,2230302,0,2230302,-1680,-0.08,-0.85
"2023-03-02",2234104,2234253,0,2234253,4206,0.19,-0.66
"2023-03-03",2238234,2238234,0,2238234,4130,0.18,-0.48
"2023-03-06",2238340,2238234,0,2238234,106,0,-0.47
"2023-03-07",2231062,2231451,0,2231451,-7278,-0.33,-0.8
"2023-03-08",2235348,2234902,0,2234902,4286,0.19,-0.61
"2023-03-09",2229315,2229774,0,2229774,-6033,-0.27,-0.87
"2023-03-10",2224601,2224601,0,2224601,-4714,-0.21,-1.08
"2023-03-13",2221217,2224601,0,2224601,-3384,-0.15,-1.23
"2023-03-14",2236063,2232987,0,2232987,14846,0.67,-0.57
"2023-03-15",2224610,2223154,0,2223154,-11453,-0.51,-1.08
"2023-03-16",2229071,2229020,0,2229020,4461,0.2,-0.89
"2023-03-17",2220427,2220427,0,2220427,-8644,-0.39,-1.27
"2023-03-20",2221133,2220427,0,2220427,706,0.03,-1.24
"2023-03-21",2224279,2225103,0,2225103,3146,0.14,-1.1
"2023-03-22",2217707,2223751,0,2223751,-6572,-0.3,-1.39
"2023-03-23",2220734,2219088,0,2219088,3027,0.14,-1.26
"2023-03-24",2225094,2225094,0,2225094,4360,0.2,-1.06
"2023-03-27",2223655,2225094,0,2225094,-1439,-0.06,-1.13
"2023-03-28",2227500,2226494,0,2226494,3845,0.17,-0.96
"2023-03-29",2230641,2230080,0,2230080,3141,0.14,-0.82
"2023-03-30",2234232,2233886,0,2233886,3591,0.16,-0.66
"2023-03-31",2237377,2237377,0,2237377,3145,0.14,-0.52
"2023-04-03",2237888,2237377,0,2237377,511,0.02,-0.49
"2023-04-04",2233015,2231839,0,2231839,-4873,-0.22,-0.71
"2023-04-05",2235131,2235095,0,2235095,2116,0.09,-0.62
"2023-04-06",2238296,2238296,0,2238296,3165,0.14,-0.48
"2023-04-10",2239047,2238296,0,2238296,751,0.03,-0.44
"2023-04-11",2239688,2241687,0,2241687,641,0.03,-0.41
"2023-04-12",2245909,2246078,0,2246078,6221,0.28,-0.14
"2023-04-13",2249595,2249894,0,2249894,3686,0.16,0
"2023-04-14",2246056,2246056,0,2246056,-3539,-0.16,-0.16
"2023-04-17",2246807,2246056,0,2246056,751,0.03,-0.12
"2023-04-18",2249183,2248667,0,2248667,2376,0.11,-0.02
"2023-04-19",2247833,2247677,0,2247677,-1350,-0.06,-0.08
"2023-04-20",2243695,2242374,0,2242374,-4138,-0.18,-0.26
"2023-04-21",2245695,2245695,0,2245695,2000,0.09,-0.17
"2023-04-24",2245901,2245695,0,2245695,206,0.01,-0.16
"2023-04-25",2238833,2239207,0,2239207,-7068,-0.31,-0.48
"2023-04-26",2244024,2242973,0,2242973,5191,0.23,-0.25
"2023-04-27",2246400,2246484,0,2246484,2376,0.11,-0.14
"2023-04-28",2249850,2249850,0,2249850,3450,0.15,0
"2023-05-01",2250496,2249850,0,2249850,646,0.03,0
"2023-05-02",2244493,2244162,0,2244162,-6003,-0.27,-0.27
"2023-05-03",2249024,2248878,0,2248878,4531,0.2,-0.07
"2023-05-04",2241896,2242270,0,2242270,-7128,-0.32,-0.38
"2023-05-05",2247421,2247421,0,2247421,5525,0.25,-0.14
"2023-05-08",2247047,2247421,0,2247421,-374,-0.02,-0.15
"2023-05-09",2245922,2246386,0,2246386,-1125,-0.05,-0.2
"2023-05-10",2249688,2250582,0,2250582,3766,0.17,-0.04
"2023-05-11",2243550,2243124,0,2243124,-6138,-0.27,-0.31
"2023-05-12",2243154,2243154,0,2243154,-396,-0.02,-0.33
"2023-05-15",2243365,2243154,0,2243154,211,0.01,-0.32
"2023-05-16",2241981,2244150,0,2244150,-1384,-0.06,-0.38
"2023-05-17",2247577,2247236,0,2247236,5596,0.25,-0.13
"2023-05-18",2250913,2250057,0,2250057,3336,0.15,0
"2023-05-19",2253093,2253093,0,2253093,2180,0.1,0
"2023-05-22",2253064,2253093,0,2253093,-29,0,0
"2023-05-23",2247831,2248940,0,2248940,-5233,-0.23,-0.23
"2023-05-24",2239393,2240292,0,2240292,-8438,-0.38,-0.61
"2023-05-25",2242944,2243968,0,2243968,3551,0.16,-0.45
"2023-05-26",2247424,2247424,0,2247424,4480,0.2,-0.25
"2023-05-30",2246955,2247424,0,2247424,-469,-0.02,-0.27
"2023-05-31",2239932,2241356,0,2241356,-7023,-0.31,-0.58
"2023-06-01",2244843,2244362,0,2244362,4911,0.22,-0.37
"2023-06-02",2247653,2247653,0,2247653,2810,0.13,-0.24
"2023-06-05",2247264,2247653,0,2247653,-389,-0.02,-0.26
"2023-06-06",2250670,2250279,0,2250279,3406,0.15,-0.11
"2023-06-07",2250130,2249974,0,2249974,-540,-0.02,-0.13
"2023-06-08",2252226,2252155,0,2252155,2096,0.09,-0.04
"2023-06-09",2254641,2254641,0,2254641,2415,0.11,0
"2023-06-12",2254932,2254641,0,2254641,291,0.01,0
"2023-06-13",2259233,2258617,0,2258617,4301,0.19,0
"2023-06-14",2263434,2262788,0,2262788,4201,0.19,0
"2023-06-15",2265970,2266149,0,2266149,2536,0.11,0
"2023-06-16",2269035,2269035,0,2269035,3065,0.14,0
"2023-06-20",2268821,2269035,0,2269035,-214,-0.01,-0.01
"2023-06-21",2262218,2262937,0,2262937,-6603,-0.29,-0.3
"2023-06-22",2265959,2265593,0,2265593,3741,0.17,-0.14
"2023-06-23",2255425,2255425,0,2255425,-10534,-0.46,-0.6
"2023-06-26",2254111,2255425,0,2255425,-1314,-0.06,-0.66
"2023-06-27",2257522,2258016,0,2258016,3411,0.15,-0.51
"2023-06-28",2260933,2260312,0,2260312,3411,0.15,-0.36
"2023-06-29",2263929,2262933,0,2262933,2996,0.13,-0.23
"2023-06-30",2265664,2265664,0,2265664,1735,0.08,-0.15
"2023-07-03",2265664,2265664,0,2265664,0,0,-0.15
"2023-07-05",2265550,2265664,0,2265664,-114,-0.01,-0.15
"2023-07-06",2250752,2250256,0,2250256,-14798,-0.65,-0.81
"2023-07-07",2253387,2253387,0,2253387,2635,0.12,-0.69
"2023-07-10",2253938,2253387,0,2253387,551,0.02,-0.67
"2023-07-11",2256814,2255808,0,2255808,2876,0.13,-0.54
"2023-07-12",2258975,2259724,0,2259724,2161,0.1,-0.44
"2023-07-13",2261541,2262230,0,2262230,2566,0.11,-0.33
"2023-07-14",2264646,2264646,0,2264646,3105,0.14,-0.19
"2023-07-17",2263732,2264646,0,2264646,-914,-0.04,-0.23
"2023-07-18",2266738,2267007,0,2267007,3006,0.13,-0.1
"2023-07-19",2268999,2269383,0,2269383,2261,0.1,0
"2023-07-20",2266021,2265635,0,2265635,-2978,-0.13,-0.13
"2023-07-21",2268146,2268146,0,2268146,2125,0.09,-0.04
"2023-07-24",2268517,2268146,0,2268146,371,0.02,-0.02
"2023-07-25",2270563,2270492,0,2270492,2046,0.09,0
"2023-07-26",2274994,2274993,0,2274993,4431,0.2,0
"2023-07-27",2271946,2271185,0,2271185,-3048,-0.13,-0.13
"2023-07-28",2274831,2274831,0,2274831,2885,0.13,-0.01
"2023-07-31",2275797,2274831,0,2274831,966,0.04,0
"2023-08-01",2277483,2277237,0,2277237,1686,0.07,0
"2023-08-02",2265665,2264909,0,2264909,-11818,-0.52,-0.52
"2023-08-03",2264610,2264069,0,2264069,-1055,-0.05,-0.57
"2023-08-04",2267834,2267834,0,2267834,3224,0.14,-0.42
"2023-08-07",2268715,2267834,0,2267834,881,0.04,-0.38
"2023-08-08",2260872,2260611,0,2260611,-7843,-0.35,-0.73
"2023-08-09",2251389,2254518,0,2254518,-9483,-0.42,-1.15
"2023-08-10",2260695,2259144,0,2259144,9306,0.41,-0.74
"2023-08-11",2263360,2263360,0,2263360,2665,0.12,-0.62
"2023-08-14",2263636,2263360,0,2263360,276,0.01,-0.61
"2023-08-15",2257848,2256337,0,2256337,-5788,-0.26,-0.86
"2023-08-16",2257458,2258327,0,2258327,-390,-0.02,-0.88
"2023-08-17",2256755,2255704,0,2255704,-703,-0.03,-0.91
"2023-08-18",2259500,2259500,0,2259500,2745,0.12,-0.79
"2023-08-21",2258856,2259500,0,2259500,-644,-0.03,-0.82
"2023-08-22",2263907,2262516,0,2262516,5051,0.22,-0.6
"2023-08-23",2265183,2266297,0,2266297,1276,0.06,-0.54
"2023-08-24",2261105,2261179,0,2261179,-4078,-0.18,-0.72
"2023-08-25",2265925,2265925,0,2265925,4820,0.21,-0.51
"2023-08-28",2266701,2265925,0,2265925,776,0.03,-0.47
"2023-08-29",2268717,2269021,0,2269021,2016,0.09,-0.38
"2023-08-30",2272053,2271842,0,2271842,3336,0.15,-0.24
"2023-08-31",2273344,2274678,0,2274678,1291,0.06,-0.18
"2023-09-01",2277709,2277709,0,2277709,4365,0.19,0
"2023-09-05",2275835,2277709,0,2277709,-1874,-0.08,-0.08
"2023-09-06",2270972,2270596,0,2270596,-4863,-0.21,-0.3
"2023-09-07",2260609,2260908,0,2260908,-10363,-0.46,-0.75
"2023-09-08",2263724,2263724,0,2263724,3115,0.14,-0.61
"2023-09-11",2263645,2263724,0,2263724,-79,0,-0.62
"2023-09-12",2259972,2260156,0,2260156,-3673,-0.16,-0.78
"2023-09-13",2263938,2263362,0,2263362,3966,0.18,-0.6
"2023-09-14",2266114,2266058,0,2266058,2176,0.1,-0.51
"2023-09-15",2260175,2260175,0,2260175,-5939,-0.26,-0.77
"2023-09-18",2260781,2260175,0,2260175,606,0.03,-0.74
"2023-09-19",2254908,2254902,0,2254902,-5873,-0.26,-1
"2023-09-20",2251600,2252909,0,2252909,-3308,-0.15,-1.15
"2023-09-21",2242562,2243136,0,2243136,-9038,-0.4,-1.54
"2023-09-22",2247062,2247062,0,2247062,4500,0.2,-1.35
"2023-09-25",2248383,2247062,0,2247062,1321,0.06,-1.29
"2023-09-26",2240370,2240059,0,2240059,-8013,-0.36,-1.64
"2023-09-27",2241495,2240494,0,2240494,1125,0.05,-1.59
"2023-09-28",2244716,2244650,0,2244650,3221,0.14,-1.45
"2023-09-29",2248656,2248656,0,2248656,3940,0.18,-1.28
"2023-10-02",2250082,2248656,0,2248656,1426,0.06,-1.21
"2023-10-03",2241529,2241078,0,2241078,-8553,-0.38,-1.59
"2023-10-04",2245705,2245334,0,2245334,4176,0.19,-1.41
"2023-10-05",2244795,2244694,0,2244694,-910,-0.04,-1.45
"2023-10-06",2244099,2244099,0,2244099,-696,-0.03,-1.48
"2023-10-09",2244810,2244099,0,2244099,711,0.03,-1.44
"2023-10-10",2247371,2247675,0,2247675,2561,0.11,-1.33
"2023-10-11",2251732,2251226,0,2251226,4361,0.19,-1.14
"2023-10-12",2247219,2247248,0,2247248,-4513,-0.2,-1.34
"2023-10-13",2246353,2246353,0,2246353,-866,-0.04,-1.38
"2023-10-16",2246649,2246353,0,2246353,296,0.01,-1.36
"2023-10-17",2239386,2238130,0,2238130,-7263,-0.32,-1.68
"2023-10-18",2235138,2234357,0,2234357,-4248,-0.19,-1.87
"2023-10-19",2237788,2235957,0,2235957,2650,0.12,-1.75
"2023-10-20",2235406,2235406,0,2235406,-2382,-0.11,-1.86
"2023-10-23",2234552,2235406,0,2235406,-854,-0.04,-1.89
"2023-10-24",2239508,2239807,0,2239807,4956,0.22,-1.68
"2023-10-25",2231920,2232089,0,2232089,-7588,-0.34,-2.01
"2023-10-26",2225892,2225446,0,2225446,-6028,-0.27,-2.27
"2023-10-27",2227546,2227546,0,2227546,1654,0.07,-2.2
"2023-10-30",2226832,2227546,0,2227546,-714,-0.03,-2.23
"2023-10-31",2232183,2231602,0,2231602,5351,0.24,-2
"2023-11-01",2235889,2235963,0,2235963,3706,0.17,-1.84
"2023-11-02",2239815,2239849,0,2239849,3926,0.18,-1.66
"2023-11-03",2243490,2243490,0,2243490,3675,0.16,-1.5
"2023-11-06",2244321,2243490,0,2243490,831,0.04,-1.47
"2023-11-07",2245127,2246116,0,2246116,806,0.04,-1.43
"2023-11-08",2244622,2244981,0,2244981,-505,-0.02,-1.45
"2023-11-09",2241194,2240813,0,2240813,-3428,-0.15,-1.6
"2023-11-10",2243999,2243999,0,2243999,2805,0.13,-1.48
"2023-11-13",2243520,2243999,0,2243999,-479,-0.02,-1.5
"2023-11-14",2245606,2247890,0,2247890,2086,0.09,-1.41
"2023-11-15",2250292,2250661,0,2250661,4686,0.21,-1.2
"2023-11-16",2253338,2253177,0,2253177,3046,0.14,-1.07
"2023-11-17",2256073,2256073,0,2256073,2735,0.12,-0.95
"2023-11-20",2254534,2256073,0,2256073,-1539,-0.07,-1.02
"2023-11-21",2251036,2250745,0,2250745,-3498,-0.16,-1.17
"2023-11-22",2253626,2253626,0,2253626,2590,0.12,-1.06
"2023-11-24",2253626,2253626,0,2253626,0,0,-1.06
"2023-11-27",2252672,2253626,0,2253626,-954,-0.04,-1.1
"2023-11-28",2256748,2255937,0,2255937,4076,0.18,-0.92
"2023-11-29",2257939,2258313,0,2258313,1191,0.05,-0.87
"2023-11-30",2262575,2260939,0,2260939,4636,0.21,-0.66
"2023-12-01",2264205,2264205,0,2264205,1630,0.07,-0.59
"2023-12-04",2264561,2264205,0,2264205,356,0.02,-0.58
"2023-12-05",2266992,2266866,0,2266866,2431,0.11,-0.47
"2023-12-06",2267845,2269014,0,2269014,853,0.04,-0.43
"2023-12-07",2271496,2271475,0,2271475,3651,0.16,-0.27
"2023-12-08",2275051,2275051,0,2275051,3555,0.16,-0.12
"2023-12-11",2275632,2275051,0,2275051,581,0.03,-0.09
"2023-12-12",2278908,2278807,0,2278807,3276,0.14,0
"2023-12-13",2282219,2281693,0,2281693,3311,0.15,0
"2023-12-14",2285185,2284394,0,2284394,2966,0.13,0
"2023-12-15",2287735,2287735,0,2287735,2550,0.11,0
"2023-12-18",2287221,2287735,0,2287735,-514,-0.02,-0.02
"2023-12-19",2290667,2290096,0,2290096,3446,0.15,0
"2023-12-20",2280929,2284553,0,2284553,-9738,-0.43,-0.43
"2023-12-21",2288660,2287914,0,2287914,7731,0.34,-0.09
"2023-12-22",2290925,2290925,0,2290925,2265,0.1,0
"2023-12-26",2290361,2290925,0,2290925,-564,-0.02,-0.02
"2023-12-27",2293792,2293046,0,2293046,3431,0.15,0
"2023-12-28",2294313,2295377,0,2295377,521,0.02,0
"2023-12-29",2289299,2289299,0,2289299,-5014,-0.22,-0.22
"2024-01-02",2291100,2289299,0,2289299,1801,0.08,-0.14
"2024-01-03",2288009,2288243,0,2288243,-3091,-0.13,-0.27
"2024-01-04",2287564,2289543,0,2289543,-445,-0.02,-0.29
"2024-01-05",2292889,2292889,0,2292889,5325,0.23,-0.06
"2024-01-08",2293825,2292889,0,2292889,936,0.04,-0.02
"2024-01-09",2291770,2291184,0,2291184,-2055,-0.09,-0.11
"2024-01-10",2294576,2293495,0,2293495,2806,0.12,0
"2024-01-11",2293986,2292885,0,2292885,-590,-0.03,-0.03
"2024-01-12",2295961,2295961,0,2295961,1975,0.09,0
"2024-01-16",2297082,2295961,0,2295961,1121,0.05,0
"2024-01-17",2290129,2288973,0,2288973,-6953,-0.3,-0.3
"2024-01-18",2292450,2291869,0,2291869,2321,0.1,-0.2
"2024-01-19",2295060,2295060,0,2295060,2610,0.11,-0.09
"2024-01-22",2295031,2295060,0,2295060,-29,0,-0.09
"2024-01-23",2298052,2297571,0,2297571,3021,0.13,0
"2024-01-24",2297673,2299967,0,2299967,-379,-0.02,-0.02
"2024-01-25",2303749,2302833,0,2302833,6076,0.26,0
"2024-01-26",2305989,2305989,0,2305989,2240,0.1,0
"2024-01-29",2306765,2305989,0,2305989,776,0.03,0
"2024-01-30",2308646,2308690,0,2308690,1881,0.08,0
"2024-01-31",2300053,2299827,0,2299827,-8593,-0.37,-0.37
"2024-02-01",2304309,2303873,0,2303873,4256,0.19,-0.19
"2024-02-02",2308229,2308229,0,2308229,3920,0.17,-0.02
"2024-02-05",2308425,2308229,0,2308229,196,0.01,-0.01
"2024-02-06",2311901,2310795,0,2310795,3476,0.15,0
"2024-02-07",2313152,2313441,0,2313441,1251,0.05,0
"2024-02-08",2316173,2316082,0,2316082,3021,0.13,0
"2024-02-09",2318593,2318593,0,2318593,2420,0.1,0
"2024-02-12",2318104,2318593,0,2318593,-489,-0.02,-0.02
"2024-02-13",2295836,2294630,0,2294630,-22268,-0.96,-0.98
"2024-02-14",2298252,2297641,0,2297641,2416,0.11,-0.88
"2024-02-15",2301293,2300697,0,2300697,3041,0.13,-0.75
"2024-02-16",2304088,2304088,0,2304088,2795,0.12,-0.63
"2024-02-20",2305254,2304088,0,2304088,1166,0.05,-0.58
"2024-02-21",2309385,2307729,0,2307729,4131,0.18,-0.4
"2024-02-22",2313026,2312710,0,2312710,3641,0.16,-0.24
"2024-02-23",2315976,2315976,0,2315976,2950,0.13,-0.11
"2024-02-26",2315732,2315976,0,2315976,-244,-0.01,-0.12
"2024-02-27",2319498,2318912,0,2318912,3766,0.16,0
"2024-02-28",2321814,2321608,0,2321608,2316,0.1,0
"2024-02-29",2326460,2325134,0,2325134,4646,0.2,0
"2024-03-01",2328595,2328595,0,2328595,2135,0.09,0
"2024-03-04",2327756,2328595,0,2328595,-839,-0.04,-0.04
"2024-03-05",2324023,2321867,0,2321867,-3733,-0.16,-0.2
"2024-03-06",2326569,2325848,0,2325848,2546,0.11,-0.09
"2024-03-07",2329490,2329759,0,2329759,2921,0.13,0
"2024-03-08",2329824,2329824,0,2329824,334,0.01,0
"2024-03-11",2329570,2329824,0,2329824,-254,-0.01,-0.01
"2024-03-12",2335836,2335085,0,2335085,6266,0.27,0
"2024-03-13",2338292,2338341,0,2338341,2456,0.11,0
"2024-03-14",2335714,2334303,0,2334303,-2578,-0.11,-0.11
"2024-03-15",2333838,2333838,0,2333838,-1876,-0.08,-0.19
"2024-03-18",2331354,2333838,0,2333838,-2484,-0.11,-0.3
"2024-03-19",2338795,2337489,0,2337489,7441,0.32,0
"2024-03-20",2343421,2342265,0,2342265,4626,0.2,0
"2024-03-21",2345247,2345781,0,2345781,1826,0.08,0
"2024-03-22",2348617,2348617,0,2348617,3370,0.14,0
"2024-03-25",2347278,2348617,0,2348617,-1339,-0.06,-0.06
"2024-03-26",2348055,2348669,0,2348669,777,0.03,-0.02
"2024-03-27",2352136,2351440,0,2351440,4081,0.17,0
"2024-03-28",2354126,2354126,0,2354126,1990,0.08,0
"2024-04-01",2354482,2354126,0,2354126,356,0.02,0
"2024-04-02",2341624,2341448,0,2341448,-12858,-0.55,-0.55
"2024-04-03",2344940,2344729,0,2344729,3316,0.14,-0.41
"2024-04-04",2336912,2337341,0,2337341,-8028,-0.34,-0.75
"2024-04-05",2343157,2343157,0,2343157,6245,0.27,-0.48
"2024-04-08",2343163,2343157,0,2343157,6,0,-0.48
"2024-04-09",2335230,2333694,0,2333694,-7933,-0.34,-0.82
"2024-04-10",2326477,2325666,0,2325666,-8753,-0.37,-1.19
"2024-04-11",2329963,2330892,0,2330892,3486,0.15,-1.04
"2024-04-12",2319384,2319384,0,2319384,-10579,-0.45,-1.49
"2024-04-15",2320270,2319384,0,2319384,886,0.04,-1.45
"2024-04-16",2323826,2325010,0,2325010,3556,0.15,-1.3
"2024-04-17",2318588,2318407,0,2318407,-5238,-0.23,-1.52
"2024-04-18",2321569,2322963,0,2322963,2981,0.13,-1.4
"2024-04-19",2316760,2316760,0,2316760,-4809,-0.21,-1.6
"2024-04-22",2315646,2316760,0,2316760,-1114,-0.05,-1.65
"2024-04-23",2319992,2320751,0,2320751,4346,0.19,-1.46
"2024-04-24",2324828,2324397,0,2324397,4836,0.21,-1.26
"2024-04-25",2301480,2301019,0,2301019,-23348,-1,-2.25
"2024-04-26",2306530,2306530,0,2306530,5050,0.22,-2.04
"2024-04-29",2307706,2306530,0,2306530,1176,0.05,-1.99
"2024-04-30",2295923,2300562,0,2300562,-11783,-0.51,-2.49
"2024-05-01",2293118,2298702,0,2298702,-2805,-0.12,-2.61
"2024-05-02",2297533,2296817,0,2296817,4415,0.19,-2.42
"2024-05-03",2302478,2302478,0,2302478,4945,0.22,-2.21
"2024-05-06",2303284,2302478,0,2302478,806,0.04,-2.17
"2024-05-07",2306015,2305314,0,2305314,2731,0.12,-2.06
"2024-05-08",2308111,2308085,0,2308085,2096,0.09,-1.97
"2024-05-09",2311377,2310746,0,2310746,3266,0.14,-1.83
"2024-05-10",2313532,2313532,0,2313532,2155,0.09,-1.74
"2024-05-13",2312968,2313532,0,2313532,-564,-0.02,-1.76
"2024-05-14",2317009,2317213,0,2317213,4041,0.17,-1.59
"2024-05-15",2322955,2322469,0,2322469,5946,0.26,-1.34
"2024-05-16",2325231,2324970,0,2324970,2276,0.1,-1.24
"2024-05-17",2327966,2327966,0,2327966,2735,0.12,-1.13
"2024-05-20",2327457,2327966,0,2327966,-509,-0.02,-1.15
"2024-05-21",2330803,2330422,0,2330422,3346,0.14,-1.01
"2024-05-22",2325275,2324579,0,2324579,-5528,-0.24,-1.24
"2024-05-23",2326425,2325924,0,2325924,1150,0.05,-1.19
"2024-05-24",2329600,2329600,0,2329600,3175,0.14,-1.06
"2024-05-28",2330406,2329600,0,2329600,806,0.03,-1.02
"2024-05-29",2319398,2321607,0,2321607,-11008,-0.47,-1.49
"2024-05-30",2316435,2315899,0,2315899,-2963,-0.13,-1.62
"2024-05-31",2311116,2311116,0,2311116,-5319,-0.23,-1.84
"2024-06-03",2312802,2311116,0,2311116,1686,0.07,-1.77
"2024-06-04",2314528,2314202,0,2314202,1726,0.07,-1.7
"2024-06-05",2318884,2317753,0,2317753,4356,0.19,-1.51
"2024-06-06",2321070,2320679,0,2320679,2186,0.09,-1.42
"2024-06-07",2324710,2324710,0,2324710,3640,0.16,-1.26
"2024-06-10",2324696,2324710,0,2324710,-14,0,-1.27
"2024-06-11",2318883,2318027,0,2318027,-5813,-0.25,-1.51
"2024-06-12",2326129,2324048,0,2324048,7246,0.31,-1.2
"2024-06-13",2328705,2327924,0,2327924,2576,0.11,-1.09
"2024-06-14",2326404,2326404,0,2326404,-2301,-0.1,-1.19
"2024-06-17",2325290,2326404,0,2326404,-1114,-0.05,-1.24
"2024-06-18",2329455,2329455,0,2329455,4165,0.18,-1.06
"2024-06-20",2329321,2329455,0,2329455,-134,-0.01,-1.07
"2024-06-21",2332921,2332921,0,2332921,3600,0.15,-0.92
"2024-06-24",2330217,2332921,0,2332921,-2704,-0.12,-1.03
"2024-06-25",2336433,2335672,0,2335672,6216,0.27,-0.77
"2024-06-26",2339709,2338473,0,2338473,3276,0.14,-0.63
"2024-06-27",2341210,2341169,0,2341169,1501,0.06,-0.56
"2024-06-28",2340814,2340814,0,2340814,-396,-0.02,-0.58
"2024-07-01",2341730,2340814,0,2340814,916,0.04,-0.54
"2024-07-02",2344556,2343680,0,2343680,2826,0.12,-0.42
"2024-07-03",2345856,2345856,0,2345856,1300,0.06,-0.37
"2024-07-05",2345856,2345856,0,2345856,0,0,-0.37
"2024-07-08",2345857,2345856,0,2345856,1,0,-0.37
"2024-07-09",2348363,2348137,0,2348137,2506,0.11,-0.26
"2024-07-10",2352189,2350618,0,2350618,3826,0.16,-0.1
"2024-07-11",2351254,2350998,0,2350998,-935,-0.04,-0.14
"2024-07-12",2353849,2353849,0,2353849,2595,0.11,-0.03
"2024-07-15",2354165,2353849,0,2353849,316,0.01,-0.01
"2024-07-16",2358391,2357075,0,2357075,4226,0.18,0
"2024-07-17",2340478,2340097,0,2340097,-17913,-0.76,-0.76
"2024-07-18",2333505,2333599,0,2333599,-6973,-0.3,-1.06
"2024-07-19",2326961,2326961,0,2326961,-6544,-0.28,-1.33
"2024-07-22",2326662,2326961,0,2326961,-299,-0.01,-1.35
"2024-07-23",2329378,2330517,0,2330517,2716,0.12,-1.23
"2024-07-24",2314800,2316234,0,2316234,-14578,-0.63,-1.85
"2024-07-25",2310705,2315079,0,2315079,-4095,-0.18,-2.02
"2024-07-26",2320470,2320470,0,2320470,9765,0.42,-1.61
"2024-07-29",2318246,2320470,0,2320470,-2224,-0.1,-1.7
"2024-07-30",2313913,2312307,0,2312307,-4333,-0.19,-1.89
"2024-07-31",2317004,2319288,0,2319288,3091,0.13,-1.75
"2024-08-01",2313176,2311330,0,2311330,-3828,-0.17,-1.92
"2024-08-02",2298227,2298227,0,2298227,-14949,-0.65,-2.55
"2024-08-05",2299179,2298227,0,2298227,952,0.04,-2.51
"2024-08-06",2296120,2301879,0,2301879,-3059,-0.13,-2.64
"2024-08-07",2299965,2303179,0,2303179,3845,0.17,-2.48
"2024-08-08",2309906,2310680,0,2310680,9941,0.43,-2.06
"2024-08-09",2317401,2317401,0,2317401,7495,0.32,-1.74
"2024-08-12",2318307,2317401,0,2317401,906,0.04,-1.7
"2024-08-13",2324923,2323807,0,2323807,6616,0.29,-1.42
"2024-08-14",2331774,2330508,0,2330508,6851,0.29,-1.13
"2024-08-15",2334205,2335344,0,2335344,2431,0.1,-1.03
"2024-08-16",2339260,2339260,0,2339260,5055,0.22,-0.81
"2024-08-19",2340501,2339260,0,2339260,1241,0.05,-0.76
"2024-08-20",2342422,2342421,0,2342421,1921,0.08,-0.68
"2024-08-21",2347603,2346092,0,2346092,5181,0.22,-0.46
"2024-08-22",2339290,2339749,0,2339749,-8313,-0.35,-0.81
"2024-08-23",2345025,2345025,0,2345025,5735,0.25,-0.57
"2024-08-26",2344926,2345025,0,2345025,-99,0,-0.57
"2024-08-27",2348697,2348761,0,2348761,3771,0.16,-0.41
"2024-08-28",2343244,2342953,0,2342953,-5453,-0.23,-0.64
"2024-08-29",2349875,2350034,0,2350034,6631,0.28,-0.36
"2024-08-30",2354345,2354345,0,2354345,4470,0.19,-0.17
"2024-09-03",2355866,2354345,0,2354345,1521,0.06,-0.11
"2024-09-04",2360362,2359196,0,2359196,4496,0.19,0
"2024-09-05",2359502,2359151,0,2359151,-860,-0.04,-0.04
"2024-09-06",2350683,2350683,0,2350683,-8819,-0.37,-0.41
"2024-09-09",2351474,2350683,0,2350683,791,0.03,-0.38
"2024-09-10",2356465,2355599,0,2355599,4991,0.21,-0.17
"2024-09-11",2349117,2346456,0,2346456,-7348,-0.31,-0.48
"2024-09-12",2351653,2351872,0,2351872,2536,0.11,-0.37
"2024-09-13",2355933,2355933,0,2355933,4280,0.18,-0.19
"2024-09-16",2356484,2355933,0,2355933,551,0.02,-0.16
"2024-09-17",2361365,2359799,0,2359799,4881,0.21,0
"2024-09-18",2366691,2366785,0,2366785,5326,0.23,0
"2024-09-19",2372582,2372766,0,2372766,5891,0.25,0
"2024-09-20",2372396,2372396,0,2372396,-186,-0.01,-0.01
"2024-09-23",2372637,2372396,0,2372396,241,0.01,0
"2024-09-24",2375668,2375217,0,2375217,3031,0.13,0
"2024-09-25",2378404,2378163,0,2378163,2736,0.12,0
"2024-09-26",2382300,2381679,0,2381679,3896,0.16,0
"2024-09-27",2384890,2384890,0,2384890,2590,0.11,0
"2024-09-30",2386961,2384890,0,2384890,2071,0.09,0
"2024-10-01",2373478,2373967,0,2373967,-13483,-0.56,-0.56
"2024-10-02",2373433,2373362,0,2373362,-45,0,-0.57
"2024-10-03",2376193,2374017,0,2374017,2760,0.12,-0.45
"2024-10-04",2381003,2381003,0,2381003,4810,0.2,-0.25
"2024-10-07",2381904,2381003,0,2381003,901,0.04,-0.21
"2024-10-08",2385750,2385739,0,2385739,3846,0.16,-0.05
"2024-10-09",2390461,2389730,0,2389730,4711,0.2,0
"2024-10-10",2395207,2394521,0,2394521,4746,0.2,0
"2024-10-11",2398597,2398597,0,2398597,3390,0.14,0
"2024-10-14",2397953,2398597,0,2398597,-644,-0.03,-0.03
"2024-10-15",2394810,2394104,0,2394104,-3143,-0.13,-0.16
"2024-10-16",2397466,2397930,0,2397930,2656,0.11,-0.05
"2024-10-17",2400832,2401341,0,2401341,3366,0.14,0
"2024-10-18",2404627,2404627,0,2404627,3795,0.16,0
"2024-10-21",2405473,2404627,0,2404627,846,0.04,0
"2024-10-22",2407029,2407658,0,2407658,1556,0.06,0
"2024-10-23",2400181,2400280,0,2400280,-6848,-0.28,-0.28
"2024-10-24",2404337,2404351,0,2404351,4156,0.17,-0.11
"2024-10-25",2407902,2407902,0,2407902,3565,0.15,0
"2024-10-28",2407088,2407902,0,2407902,-814,-0.03,-0.03
"2024-10-29",2404803,2406722,0,2406722,-2285,-0.09,-0.13
"2024-10-30",2404928,2405722,0,2405722,125,0.01,-0.12
"2024-10-31",2388915,2390649,0,2390649,-16013,-0.67,-0.79
"2024-11-01",2396665,2396665,0,2396665,7750,0.32,-0.47
"2024-11-04",2396156,2396665,0,2396665,-509,-0.02,-0.49
"2024-11-05",2402387,2401146,0,2401146,6231,0.26,-0.23
"2024-11-06",2409113,2409742,0,2409742,6726,0.28,0
"2024-11-07",2414784,2415023,0,2415023,5671,0.24,0
"2024-11-08",2418469,2418469,0,2418469,3685,0.15,0
"2024-11-11",2418195,2418469,0,2418469,-274,-0.01,-0.01
"2024-11-12",2412792,2413291,0,2413291,-5403,-0.22,-0.23
"2024-11-13",2415553,2417462,0,2417462,2761,0.11,-0.12
"2024-11-14",2412275,2411679,0,2411679,-3278,-0.14,-0.26
"2024-11-15",2404951,2404951,0,2404951,-7324,-0.3,-0.56
"2024-11-18",2404652,2404951,0,2404951,-299,-0.01,-0.57
"2024-11-19",2402482,2402666,0,2402666,-2170,-0.09,-0.66
"2024-11-20",2393709,2393338,0,2393338,-8773,-0.37,-1.02
"2024-11-21",2399100,2399589,0,2399589,5391,0.23,-0.8
"2024-11-22",2404015,2404015,0,2404015,4915,0.2,-0.6
"2024-11-25",2404701,2404015,0,2404015,686,0.03,-0.57
"2024-11-26",2407772,2407226,0,2407226,3071,0.13,-0.44
"2024-11-27",2407021,2407021,0,2407021,-751,-0.03,-0.47
"2024-11-29",2407021,2407021,0,2407021,0,0,-0.47
"2024-12-02",2407177,2407021,0,2407021,156,0.01,-0.47
"2024-12-03",2409923,2409562,0,2409562,2746,0.11,-0.35
"2024-12-04",2412274,2412288,0,2412288,2351,0.1,-0.26
"2024-12-05",2413615,2414929,0,2414929,1341,0.06,-0.2
"2024-12-06",2418150,2418150,0,2418150,4535,0.19,-0.01
"2024-12-09",2418296,2418150,0,2418150,146,0.01,-0.01
"2024-12-10",2420485,2420964,0,2420964,2189,0.09,0
"2024-12-11",2423756,2424255,0,2424255,3271,0.14,0
"2024-12-12",2419528,2420287,0,2420287,-4228,-0.17,-0.17
"2024-12-13",2423023,2423023,0,2423023,3495,0.14,-0.03
"2024-12-16",2422404,2423023,0,2423023,-619,-0.03,-0.06
"2024-12-17",2415651,2414710,0,2414710,-6753,-0.28,-0.33
"2024-12-18",2409633,2407267,0,2407267,-6018,-0.25,-0.58
"2024-12-19",2409574,2412588,0,2412588,-59,0,-0.59
"2024-12-20",2410703,2410703,0,2410703,1129,0.05,-0.54
"2024-12-23",2411489,2410703,0,2410703,786,0.03,-0.51
"2024-12-24",2414169,2414169,0,2414169,2680,0.11,-0.4
"2024-12-26",2413800,2414169,0,2414169,-369,-0.02,-0.41
"2024-12-27",2399781,2399781,0,2399781,-14019,-0.58,-0.99
"2024-12-30",2398502,2399781,0,2399781,-1279,-0.05,-1.04
"2024-12-31",2400061,2400061,0,2400061,1559,0.06,-0.98
"2025-01-02",2400362,2400061,0,2400061,301,0.01,-0.97
"2025-01-03",2405522,2405522,0,2405522,5160,0.21,-0.75
"2025-01-06",2406038,2405522,0,2405522,516,0.02,-0.73
"2025-01-07",2400270,2398419,0,2398419,-5768,-0.24,-0.97
"2025-01-08",2403866,2403915,0,2403915,3596,0.15,-0.82
"2025-01-10",2403915,2403915,0,2403915,49,0,-0.82
"2025-01-13",2405711,2403915,0,2403915,1796,0.07,-0.74
"2025-01-14",2410927,2409656,0,2409656,5216,0.22,-0.53
"2025-01-15",2416723,2417382,0,2417382,5796,0.24,-0.29
"2025-01-16",2420274,2421933,0,2421933,3551,0.15,-0.14
"2025-01-17",2426549,2426549,0,2426549,6275,0.26,0
"2025-01-21",2426760,2426549,0,2426549,211,0.01,0
"2025-01-22",2429946,2430040,0,2430040,3186,0.13,0
"2025-01-23",2434897,2433451,0,2433451,4951,0.2,0
"2025-01-24",2436572,2436572,0,2436572,1675,0.07,0
"2025-01-27",2437578,2436572,0,2436572,1006,0.04,0
"2025-01-28",2440304,2441388,0,2441388,2726,0.11,0
"2025-01-29",2430651,2430430,0,2430430,-9653,-0.4,-0.4
"2025-01-30",2439762,2436656,0,2436656,9111,0.37,-0.02
"2025-01-31",2442287,2442287,0,2442287,2525,0.1,0
"2025-02-03",2442178,2442287,0,2442287,-109,0,0
"2025-02-04",2449554,2448623,0,2448623,7376,0.3,0
"2025-02-05",2455295,2454084,0,2454084,5741,0.23,0
"2025-02-06",2459401,2458135,0,2458135,4106,0.17,0
"2025-02-07",2459935,2459935,0,2459935,534,0.02,0
"2025-02-10",2459631,2459935,0,2459935,-304,-0.01,-0.01
"2025-02-11",2464597,2464281,0,2464281,4966,0.2,0
"2025-02-12",2449919,2449248,0,2449248,-14678,-0.6,-0.6
"2025-02-13",2455155,2453959,0,2453959,5236,0.21,-0.38
"2025-02-14",2458020,2458020,0,2458020,2865,0.12,-0.27
"2025-02-18",2459711,2458020,0,2458020,1691,0.07,-0.2
"2025-02-19",2462357,2461586,0,2461586,2646,0.11,-0.09
"2025-02-20",2455469,2454713,0,2454713,-6888,-0.28,-0.37
"2025-02-21",2446385,2446385,0,2446385,-9084,-0.37,-0.74
"2025-02-24",2442651,2446385,0,2446385,-3734,-0.15,-0.89
"2025-02-25",2437173,2436277,0,2436277,-5478,-0.22,-1.11
"2025-02-26",2439894,2441843,0,2441843,2721,0.11,-1
"2025-02-27",2436561,2438275,0,2438275,-3333,-0.14,-1.14
"2025-02-28",2444531,2444531,0,2444531,7970,0.33,-0.81
"2025-03-03",2449397,2444531,0,2444531,4866,0.2,-0.62
"2025-03-04",2439187,2444271,0,2444271,-10210,-0.42,-1.03
"2025-03-05",2443787,2444301,0,2444301,4600,0.19,-0.84
"2025-03-06",2426359,2425838,0,2425838,-17428,-0.71,-1.55
"2025-03-07",2435569,2435569,0,2435569,9210,0.38,-1.18
